insert into T_OPPDRAG (OPPDRAGS_ID, FAGSYSTEM_ID, KODE_FAGOMRAADE, FREKVENS, KJOR_IDAG, STONAD_ID, DATO_FORFALL, OPPDRAG_GJELDER_ID, TYPE_BILAG, BRUKERID, TIDSPKT_REG)
values (25798519, '13175913                      ', 'FRIKORT1', 'ENG ', 'J', '          ', '2015-10-20', '24029428499', '    ', 'Frikort ', '2015-10-20 03:58:19.479004'),
       (27167773, '13731645                      ', 'FRIKORT1', 'ENG ', 'J', '          ', '2016-04-20', '24029428499', '    ', 'Frikort ', '2016-04-20 01:59:55.075778'),
       (27584680, '13934220                      ', 'FRIKORT1', 'ENG ', 'N', '          ', '2016-06-06', '24029428499', '    ', 'Frikort ', '2016-06-07 01:36:12.184863'),
       (27850326, '14067769                      ', 'FRIKORT1', 'ENG ', 'N', '          ', '2016-07-05', '24029428499', '    ', 'Frikort ', '2016-07-05 03:33:39.005022'),
       (38023013, '16958535                      ', 'FRIKORT1', 'ENG ', 'J', '          ', '2018-04-24', '24029428499', '    ', 'Frikort ', '2018-04-25 00:14:13.158252'),
       (39341140, '17235701                      ', 'FRIKORT1', 'ENG ', 'N', '          ', '2018-06-06', '24029428499', '    ', 'Frikort ', '2018-06-07 00:32:46.020051'),
       (42280436, '18220933                      ', 'FRIKORT1', 'ENG ', 'N', '          ', '2018-12-06', '24029428499', '    ', 'Frikort ', '2018-12-08 16:23:12.628316'),
       (43865078, '18651760                      ', 'FRIKORT1', 'ENG ', 'N', '          ', '2019-03-27', '24029428499', '    ', 'Frikort ', '2019-03-28 02:12:06.782605'),
       (44472506, '18884021                      ', 'FRIKORT1', 'ENG ', 'N', '          ', '2019-05-08', '24029428499', '    ', 'Frikort ', '2019-05-08 23:27:45.256148'),
       (70433132, '24029428499-g05012024         ', 'MOSALLE ', 'MND ', 'N', '          ', null, '24029428499', 'ORDI', 'R150818 ', '2024-01-05 18:05:45.420229'),
       (30265404, 'SP00724748120161221           ', 'SP      ', 'MND ', 'N', '20161221  ', null, '24029428499', '    ', 'HSB4410 ', '2017-02-02 08:03:19.743156'),
       (32464186, 'FY00724748120170501         FY', 'SP      ', 'MND ', 'N', '20170501  ', null, '24029428499', '    ', 'K2786FPW', '2017-05-14 17:23:03.958351'),
       (39012223, 'FY00724748120180501         FY', 'SP      ', 'MND ', 'N', '20180501  ', null, '24029428499', '    ', 'K2786FPW', '2018-05-20 04:06:18.646297'),
       (65575164, '000320282                     ', 'TBUT    ', 'MND ', 'N', '          ', null, '24029428499', 'MEMO', 'PP01    ', '2023-02-16 11:53:01.131936'),
       (65494162, 'UFORENG-24029428499           ', 'UFORENG ', 'MND ', 'N', '          ', null, '24029428499', '    ', 'TOB-2604', '2023-02-10 11:14:56.315709'),
       (58308587, '25444802                      ', 'UFOREUT ', 'MND ', 'N', '          ', null, '24029428499', '    ', 'L151691 ', '2021-11-18 08:25:00.450713');

insert into T_OPPDRAG_STATUS (OPPDRAGS_ID, KODE_STATUS, LOPENR, TIDSPKT_REG, BRUKERID)
values (25798519, 'AKTI', 1, '2015-10-20 03:58:19.486831', 'Frikort '),
       (25798519, 'PASS', 1, '2015-10-20 22:36:36.561135', 'K231B260'),
       (27167773, 'AKTI', 1, '2016-04-20 01:59:55.098334', 'Frikort '),
       (27167773, 'PASS', 1, '2016-04-20 22:48:19.344567', 'K231B260'),
       (27584680, 'AKTI', 1, '2016-06-07 01:36:12.209307', 'Frikort '),
       (27584680, 'PASS', 1, '2016-06-07 22:53:17.821653', 'K231B260'),
       (27850326, 'AKTI', 1, '2016-07-05 03:33:39.025361', 'Frikort '),
       (27850326, 'PASS', 1, '2016-07-06 02:00:14.999768', 'K231B260'),
       (38023013, 'AKTI', 1, '2018-04-25 00:14:13.274690', 'Frikort '),
       (38023013, 'PASS', 1, '2018-04-25 23:52:45.876558', 'K231B260'),
       (39341140, 'AKTI', 1, '2018-06-07 00:32:46.112408', 'Frikort '),
       (39341140, 'PASS', 1, '2018-06-07 23:15:54.840649', 'K231B260'),
       (42280436, 'AKTI', 1, '2018-12-08 16:23:12.787217', 'Frikort '),
       (42280436, 'PASS', 1, '2018-12-10 23:22:32.338752', 'K231B260'),
       (43865078, 'AKTI', 1, '2019-03-28 02:12:06.998351', 'Frikort '),
       (43865078, 'PASS', 1, '2019-03-29 00:53:24.268012', 'K231B260'),
       (44472506, 'AKTI', 1, '2019-05-08 23:27:45.281086', 'Frikort '),
       (44472506, 'PASS', 1, '2019-05-09 23:06:42.190383', 'K231B260'),
       (70433132, 'AKTI', 1, '2024-01-05 18:05:45.438746', 'R150818 '),
       (70433132, 'PASS', 1, '2024-01-11 13:29:39.922778', 'K231B260'),
       (30265404, 'AKTI', 1, '2017-02-02 08:03:19.748613', 'HSB4410 '),
       (30265404, 'AKTI', 2, '2017-05-16 15:47:20.554131', 'AEB4410 '),
       (30265404, 'PASS', 1, '2017-02-21 04:24:57.959222', 'K231B260'),
       (30265404, 'PASS', 2, '2017-05-17 00:36:57.962685', 'K231B260'),
       (32464186, 'AKTI', 1, '2017-05-14 17:23:03.965739', 'K2786FPW'),
       (32464186, 'AKTI', 2, '2017-06-15 21:24:30.854130', 'K2786FPW'),
       (32464186, 'PASS', 1, '2017-05-20 01:41:15.885016', 'K231B260'),
       (32464186, 'PASS', 2, '2017-06-15 22:41:16.527383', 'K231B260'),
       (39012223, 'AKTI', 1, '2018-05-20 04:06:18.659279', 'K2786FPW'),
       (39012223, 'PASS', 1, '2018-05-20 09:47:47.514025', 'K231B260'),
       (65575164, 'AKTI', 1, '2023-02-16 11:53:01.192041', 'PP01    '),
       (65575164, 'PASS', 1, '2023-02-16 22:50:32.217726', 'K231B260'),
       (65494162, 'AKTI', 1, '2023-02-10 11:14:56.325077', 'TOB-2604'),
       (65494162, 'PASS', 1, '2023-02-10 23:00:52.697543', 'K231B260'),
       (58308587, 'AKTI', 1, '2021-11-18 08:25:00.476562', 'L151691 ');

insert into T_OPPDRAGSLINJE (OPPDRAGS_ID, LINJE_ID, DELYTELSE_ID, SATS, TYPE_SATS, KJOR_IDAG, DATO_VEDTAK_FOM, DATO_VEDTAK_TOM, ATTESTERT, KODE_ARBGIVER, VEDTAK_ID, HENVISNING, UTBETALES_TIL_ID,
                             KODE_KLASSE, SKYLDNER_ID, KID, KRAVHAVER_ID, DATO_KRAVHAVER_FOM, TYPE_SOKNAD, MAKSDATO, REFUNDERES_ID, TIDSPKT_REG, BRUKERID)
values (25798519, 1, '3                             ', 141.00, 'ENG ', 'J', '2015-10-20', '2015-10-20', 'J', ' ', '          ', '                              ', '24029428499',
        '2050002                                           ', '           ', '                        ', '           ', null, '          ', null, '           ', '2024-10-14 11:42:16.672000',
        'Frikort '),
       (25798519, 2, '2                             ', 19.94, 'ENG ', 'J', '2015-10-20', '2015-10-20', 'J', ' ', '          ', '                              ', '24029428499',
        '2050002                                           ', '           ', '                        ', '           ', null, '          ', null, '           ', '2024-11-29 15:29:20.464547',
        'Frikort '),
       (25798519, 3, '1                             ', 141.00, 'ENG ', 'J', '2015-10-20', '2015-10-20', 'J', ' ', '          ', '                              ', '24029428499',
        '2050002                                           ', '           ', '                        ', '           ', null, '          ', null, '           ', '2024-12-16 10:09:58.250372',
        'Frikort '),
       (27167773, 1, '3                             ', 8.25, 'ENG ', 'N', '2016-04-20', '2016-04-20', 'J', ' ', '          ', '                              ', '24029428499',
        '2070002                                           ', '           ', '                        ', '           ', null, '          ', null, '           ', '2016-04-20 01:59:55.089590',
        'Frikort '),
       (27167773, 2, '2                             ', 191.00, 'ENG ', 'J', '2016-04-20', '2016-04-20', 'J', ' ', '          ', '                              ', '24029428499',
        '2050002                                           ', '           ', '                        ', '           ', null, '          ', null, '           ', '2024-12-19 16:27:10.342194',
        'Frikort '),
       (27167773, 3, '1                             ', 141.00, 'ENG ', 'J', '2016-04-20', '2016-04-20', 'J', ' ', '          ', '                              ', '24029428499',
        '2050002                                           ', '           ', '                        ', '           ', null, '          ', null, '           ', '2024-10-14 13:40:16.923935',
        'Frikort '),
       (27584680, 1, '1                             ', 320.00, 'ENG ', 'N', '2016-06-06', '2016-06-06', 'J', ' ', '          ', '                              ', '24029428499',
        '2050002                                           ', '           ', '                        ', '           ', null, '          ', null, '           ', '2016-06-07 01:36:12.188214',
        'Frikort '),
       (27850326, 1, '1                             ', 320.00, 'ENG ', 'N', '2016-07-05', '2016-07-05', 'N', ' ', '          ', '                              ', '24029428499',
        '2050002                                           ', '           ', '                        ', '           ', null, '          ', null, '           ', '2024-12-02 09:45:37.732529',
        'Frikort '),
       (38023013, 1, '3                             ', 345.00, 'ENG ', 'J', '2018-04-24', '2018-04-24', 'N', ' ', '          ', '                              ', '24029428499',
        '2050002                                           ', '           ', '                        ', '           ', null, '          ', null, null, '2024-12-10 14:01:40.281976', 'Frikort '),
       (38023013, 2, '4                             ', 4.36, 'ENG ', 'N', '2018-04-24', '2018-04-24', 'N', ' ', '          ', '                              ', '24029428499',
        '2070002                                           ', '           ', '                        ', '           ', null, '          ', null, null, '2024-12-10 14:01:40.292657', 'Frikort '),
       (38023013, 3, '2                             ', 152.00, 'ENG ', 'N', '2018-04-24', '2018-04-24', 'J', ' ', '          ', '                              ', '24029428499',
        '2050002                                           ', '           ', '                        ', '           ', null, '          ', null, null, '2018-04-25 00:14:13.230131', 'Frikort '),
       (38023013, 4, '1                             ', 152.00, 'ENG ', 'N', '2018-04-24', '2018-04-24', 'J', ' ', '          ', '                              ', '24029428499',
        '2050002                                           ', '           ', '                        ', '           ', null, '          ', null, null, '2018-04-25 00:14:13.233526', 'Frikort '),
       (39341140, 1, '1                             ', 206.00, 'ENG ', 'N', '2018-06-06', '2018-06-06', 'J', ' ', '          ', '                              ', '24029428499',
        '2050002                                           ', '           ', '                        ', '           ', null, '          ', null, null, '2018-06-07 00:32:46.091632', 'Frikort '),
       (39341140, 2, '2                             ', 152.00, 'ENG ', 'N', '2018-06-06', '2018-06-06', 'J', ' ', '          ', '                              ', '24029428499',
        '2050002                                           ', '           ', '                        ', '           ', null, '          ', null, null, '2018-06-07 00:32:46.093162', 'Frikort '),
       (42280436, 1, '2                             ', 155.00, 'ENG ', 'N', '2018-12-06', '2018-12-06', 'J', ' ', '          ', '                              ', '24029428499',
        '2050002                                           ', '           ', '                        ', '           ', null, '          ', null, null, '2018-12-08 16:23:12.694078', 'Frikort '),
       (42280436, 2, '1                             ', 317.00, 'ENG ', 'N', '2018-12-06', '2018-12-06', 'J', ' ', '          ', '                              ', '24029428499',
        '2050002                                           ', '           ', '                        ', '           ', null, '          ', null, null, '2018-12-08 16:23:12.697828', 'Frikort '),
       (43865078, 1, '3                             ', 351.00, 'ENG ', 'N', '2019-03-27', '2019-03-27', 'J', ' ', '          ', '                              ', '24029428499',
        '2050002                                           ', '           ', '                        ', '           ', null, '          ', null, null, '2019-03-28 02:12:06.823043', 'Frikort '),
       (43865078, 2, '2                             ', 210.00, 'ENG ', 'N', '2019-03-27', '2019-03-27', 'J', ' ', '          ', '                              ', '24029428499',
        '2050002                                           ', '           ', '                        ', '           ', null, '          ', null, null, '2019-03-28 02:12:06.827750', 'Frikort '),
       (43865078, 3, '1                             ', 210.00, 'ENG ', 'N', '2019-03-27', '2019-03-27', 'J', ' ', '          ', '                              ', '24029428499',
        '2050002                                           ', '           ', '                        ', '           ', null, '          ', null, null, '2019-03-28 02:12:06.834824', 'Frikort '),
       (43865078, 4, '5                             ', 149.00, 'ENG ', 'N', '2019-03-27', '2019-03-27', 'J', ' ', '          ', '                              ', '24029428499',
        '2080002                                           ', '           ', '                        ', '           ', null, '          ', null, null, '2019-03-28 02:12:06.849242', 'Frikort '),
       (43865078, 5, '4                             ', 13.00, 'ENG ', 'N', '2019-03-27', '2019-03-27', 'J', ' ', '          ', '                              ', '24029428499',
        '2080002                                           ', '           ', '                        ', '           ', null, '          ', null, null, '2019-03-28 02:12:06.870429', 'Frikort '),
       (44472506, 1, '1                             ', 351.00, 'ENG ', 'N', '2019-05-08', '2019-05-08', 'J', ' ', '          ', '                              ', '24029428499',
        '2050002                                           ', '           ', '                        ', '           ', null, '          ', null, null, '2019-05-08 23:27:45.266781', 'Frikort '),
       (70433132, 1, '1                             ', 19984.68, 'ENG ', 'N', '2024-01-05', '2024-01-05', 'N', ' ', '          ', '                              ', '24029428499',
        'AAPRNT-OP                                         ', '           ', '                        ', '           ', null, '          ', null, null, '2024-12-12 10:20:07.371834', 'R150818 '),
       (30265404, 1, 'SPL20170106007247481 707127   ', 268.00, 'DAG ', 'N', '2017-01-06', '2017-02-02', 'J', ' ', 'SP00724748', '                              ', '24029428499',
        'SPATORD                                           ', '           ', '                        ', '           ', null, '          ', '2017-02-15', '           ', '2017-02-02 08:03:19.747097',
        'HSB4410 '),
       (30265404, 2, 'SPL20170203007247481 829097   ', 268.00, 'DAG ', 'N', '2017-02-03', '2017-02-15', 'J', ' ', 'SP00724748', '                              ', '24029428499',
        'SPATORD                                           ', '           ', '                        ', '           ', null, '          ', '2017-02-15', '           ', '2017-05-16 15:47:20.551806',
        'AEB4410 '),
       (32464186, 1, 'FYL20170501007247481 79947001 ', 1009.00, 'ENG ', 'N', '2017-05-01', '2017-05-31', 'J', ' ', '          ', '                              ', '24029428499',
        'SPATFER                                           ', '           ', '                        ', '           ', null, '          ', null, null, '2017-05-14 17:23:03.961625', 'K2786FPW'),
       (32464186, 2, 'FYL20170501007247481 99736201 ', 1155.00, 'ENG ', 'N', '2017-05-01', '2017-05-31', 'J', ' ', '          ', '                              ', '24029428499',
        'SPATFER                                           ', '           ', '                        ', '           ', null, '          ', null, null, '2017-06-15 21:24:30.833366', 'K2786FPW'),
       (39012223, 1, 'FYL20180501007247481 52286901 ', 793.00, 'ENG ', 'N', '2018-05-01', '2018-05-31', 'J', ' ', '          ', '                              ', '24029428499',
        'SPATFER                                           ', '           ', '                        ', '           ', null, '          ', null, null, '2018-05-20 04:06:18.654661', 'K2786FPW'),
       (65575164, 1, '0000480355IK11.53.01.119320   ', 2051.00, 'ENG ', 'N', '2022-02-01', '2022-02-28', 'J', ' ', '2023-02-16', '0000480355                    ', '24029428499',
        'TBIIUT                                            ', '           ', '                        ', '24029428499', '2022-02-01', '          ', null, null, '2023-02-16 11:53:01.159462',
        'K231B433'),
       (65575164, 2, '0000480355MKIF11.53.01.119351 ', -2051.00, 'ENG ', 'N', '2022-02-01', '2022-02-28', 'J', ' ', '2023-02-16', '0000480355                    ', '24029428499',
        'TBMOTFB                                           ', '           ', '                        ', '24029428499', '2022-02-01', '          ', null, null, '2023-02-16 11:53:01.164090',
        'K231B433'),
       (65575164, 3, '0000480355F11.53.01.119377    ', -2051.00, 'ENG ', 'N', '2022-02-01', '2022-02-28', 'J', ' ', '2023-02-16', '0000480355                    ', '24029428499',
        'KL_KODE_FEIL_INNT                                 ', '           ', '                        ', '24029428499', '2022-02-01', '          ', null, null, '2023-02-16 11:53:01.165357',
        'K231B433'),
       (65575164, 4, '0000480355MF11.53.01.119410   ', 2051.00, 'ENG ', 'N', '2022-02-01', '2022-02-28', 'J', ' ', '2023-02-16', '0000480355                    ', '24029428499',
        'TBMOTOBS                                          ', '           ', '                        ', '24029428499', '2022-02-01', '          ', null, null, '2023-02-16 11:53:01.166581',
        'K231B433'),
       (65575164, 5, '0000480355IK11.53.01.119565   ', 2051.00, 'ENG ', 'N', '2022-03-01', '2022-03-31', 'J', ' ', '2023-02-16', '0000480355                    ', '24029428499',
        'TBIIUT                                            ', '           ', '                        ', '24029428499', '2022-03-01', '          ', null, null, '2023-02-16 11:53:01.167944',
        'K231B433'),
       (65575164, 6, '0000480355MKIF11.53.01.119589 ', -2051.00, 'ENG ', 'N', '2022-03-01', '2022-03-31', 'J', ' ', '2023-02-16', '0000480355                    ', '24029428499',
        'TBMOTFB                                           ', '           ', '                        ', '24029428499', '2022-03-01', '          ', null, null, '2023-02-16 11:53:01.169743',
        'K231B433'),
       (65575164, 7, '0000480355F11.53.01.119621    ', -2051.00, 'ENG ', 'N', '2022-03-01', '2022-03-31', 'J', ' ', '2023-02-16', '0000480355                    ', '24029428499',
        'KL_KODE_FEIL_INNT                                 ', '           ', '                        ', '24029428499', '2022-03-01', '          ', null, null, '2023-02-16 11:53:01.171819',
        'K231B433'),
       (65575164, 8, '0000480355MF11.53.01.119642   ', 2051.00, 'ENG ', 'N', '2022-03-01', '2022-03-31', 'J', ' ', '2023-02-16', '0000480355                    ', '24029428499',
        'TBMOTOBS                                          ', '           ', '                        ', '24029428499', '2022-03-01', '          ', null, null, '2023-02-16 11:53:01.173336',
        'K231B433'),
       (65575164, 9, '0000480355IK11.53.01.119760   ', 2051.00, 'ENG ', 'N', '2022-04-01', '2022-04-30', 'J', ' ', '2023-02-16', '0000480355                    ', '24029428499',
        'TBIIUT                                            ', '           ', '                        ', '24029428499', '2022-04-01', '          ', null, null, '2023-02-16 11:53:01.175163',
        'K231B433'),
       (65575164, 10, '0000480355MKIF11.53.01.119800 ', -2051.00, 'ENG ', 'N', '2022-04-01', '2022-04-30', 'J', ' ', '2023-02-16', '0000480355                    ', '24029428499',
        'TBMOTFB                                           ', '           ', '                        ', '24029428499', '2022-04-01', '          ', null, null, '2023-02-16 11:53:01.180877',
        'K231B433'),
       (65575164, 11, '0000480355F11.53.01.119819    ', -2051.00, 'ENG ', 'N', '2022-04-01', '2022-04-30', 'J', ' ', '2023-02-16', '0000480355                    ', '24029428499',
        'KL_KODE_FEIL_INNT                                 ', '           ', '                        ', '24029428499', '2022-04-01', '          ', null, null, '2023-02-16 11:53:01.181884',
        'K231B433'),
       (65575164, 12, '0000480355MF11.53.01.119839   ', 2051.00, 'ENG ', 'N', '2022-04-01', '2022-04-30', 'J', ' ', '2023-02-16', '0000480355                    ', '24029428499',
        'TBMOTOBS                                          ', '           ', '                        ', '24029428499', '2022-04-01', '          ', null, null, '2023-02-16 11:53:01.182970',
        'K231B433'),
       (65494162, 1, '1                             ', 3000.00, 'ENG ', 'N', '2023-01-01', '2023-01-31', 'J', ' ', '          ', '                              ', '24029428499',
        'UFOREUTENG-IOP                                    ', '80000466050', '                        ', '           ', null, '          ', null, null, '2023-02-10 11:14:56.319679', 'TOB-2604'),
       (58308587, 1, '668694106                     ', 23867.00, 'MND ', 'N', '2021-12-01', null, 'J', ' ', '20211118  ', '58283021                      ', '24029428499',
        'UFOREUT                                           ', '80000466050', '                        ', '           ', null, '          ', null, null, '2024-10-07 16:17:17.060839', 'L151691 '),
       (58308587, 2, '728229445                     ', 21816.00, 'MND ', 'N', '2022-02-01', null, 'J', ' ', '20220411  ', '60006064                      ', '24029428499',
        'UFOREUT                                           ', '80000466050', '                        ', '           ', null, '          ', null, null, '2022-04-11 16:00:24.818668', 'H103181 '),
       (58308587, 3, '729543392                     ', 23867.00, 'MND ', 'N', '2022-01-01', '2022-01-31', 'J', ' ', '20220513  ', '60169359                      ', '24029428499',
        'UFOREUT                                           ', '80000466050', '                        ', '           ', null, '          ', null, null, '2024-09-17 10:44:18.140532', 'BPEN093 '),
       (58308587, 4, '729543393                     ', 21816.00, 'MND ', 'N', '2022-02-01', null, 'N', ' ', '20220513  ', '60169359                      ', '24029428499',
        'UFOREUT                                           ', '80000466050', '                        ', '           ', null, '          ', null, null, '2024-09-12 23:11:28.420844', 'BPEN093 '),
       (58308587, 5, '730929065                     ', 22857.00, 'MND ', 'N', '2022-05-01', null, 'J', ' ', '20220521  ', '60264364                      ', '24029428499',
        'UFOREUT                                           ', '80000466050', '                        ', '           ', null, '          ', null, '           ', '2022-05-21 05:08:37.008200',
        'BPEN068 '),
       (58308587, 6, '759868829                     ', 23867.00, 'MND ', 'N', '2021-12-01', '2021-12-31', 'N', ' ', '20221104  ', '62013231                      ', '24029428499',
        'UFOREUT                                           ', '80000466050', '                        ', '           ', null, '          ', null, null, '2024-12-17 09:50:54.617154', 'H145594 '),
       (58308587, 7, '759868830                     ', 23867.00, 'MND ', 'N', '2022-01-01', '2022-01-31', 'N', ' ', '20221104  ', '62013231                      ', '24029428499',
        'UFOREUT                                           ', '80000466050', '                        ', '           ', null, '          ', null, null, '2024-12-20 14:00:16.229176', 'H145594 '),
       (58308587, 8, '759868831                     ', 21816.00, 'MND ', 'N', '2022-02-01', '2022-04-30', 'J', ' ', '20221104  ', '62013231                      ', '24029428499',
        'UFOREUT                                           ', '80000466050', '                        ', '           ', null, '          ', null, null, '2024-12-10 13:38:08.199883', 'H145594 '),
       (58308587, 9, '759868832                     ', 22857.00, 'MND ', 'N', '2022-05-01', null, 'J', ' ', '20221104  ', '62013231                      ', '24029428499',
        'UFOREUT                                           ', '80000466050', '                        ', '           ', null, '          ', null, null, '2024-12-13 14:52:44.854096', 'H145594 '),
       (58308587, 10, '771253891                     ', 22857.00, 'MND ', 'N', '2023-01-01', null, 'J', ' ', '20221218  ', '62672928                      ', '24029428499',
        'UFOREUT                                           ', '80000466050', '                        ', '           ', null, '          ', null, null, '2024-12-13 14:52:44.857365', 'BPEN093 '),
       (58308587, 11, '801686775                     ', 24322.00, 'MND ', 'N', '2023-05-01', null, 'N', ' ', '20230527  ', '64125865                      ', '24029428499',
        'UFOREUT                                           ', '80000466050', '                        ', '           ', null, '          ', null, '           ', '2024-12-13 14:52:15.365213',
        'BPEN068 '),
       (58308587, 12, '839410565                     ', 24322.00, 'MND ', 'N', '2024-01-01', null, 'N', ' ', '20240104  ', '65897375                      ', '24029428499',
        'UFOREUT                                           ', '80000466050', '                        ', '           ', null, '          ', null, null, '2024-12-13 14:52:15.366921', 'BPEN093 '),
       (58308587, 13, '861989539                     ', 25431.00, 'MND ', 'N', '2024-05-01', null, 'N', ' ', '20240525  ', '67037560                      ', '24029428499',
        'UFOREUT                                           ', '80000466050', '                        ', '           ', null, '          ', null, '           ', '2024-12-13 14:52:15.367271',
        'BPEN068 '),
       (58308587, 14, '878336072                     ', 25899.00, 'MND ', 'N', '2024-07-01', null, 'N', ' ', '20240611  ', '68001447                      ', '24029428499',
        'UFOREUT                                           ', '80000466050', '                        ', '           ', null, '          ', null, null, '2024-12-02 15:56:16.498347', 'BPEN093 ');

insert into T_LINJE_STATUS (OPPDRAGS_ID, LINJE_ID, KODE_STATUS, DATO_FOM, LOPENR, TIDSPKT_REG, BRUKERID)
values (25798519, 1, 'FBER', '2015-10-21', 1, '2015-10-20 22:36:43.222691', 'K231B260'),
       (25798519, 1, 'LOPE', '2015-10-20', 1, '2015-10-20 22:36:43.222690', 'K231B260'),
       (25798519, 1, 'NY  ', '2015-10-20', 1, '2015-10-20 03:58:19.480786', 'Frikort '),
       (25798519, 2, 'FBER', '2015-10-21', 1, '2015-10-20 22:36:43.222693', 'K231B260'),
       (25798519, 2, 'LOPE', '2015-10-20', 1, '2015-10-20 22:36:43.222692', 'K231B260'),
       (25798519, 2, 'NY  ', '2015-10-20', 1, '2015-10-20 03:58:19.482954', 'Frikort '),
       (25798519, 3, 'FBER', '2015-10-21', 1, '2015-10-20 22:36:43.222695', 'K231B260'),
       (25798519, 3, 'LOPE', '2015-10-20', 1, '2015-10-20 22:36:43.222694', 'K231B260'),
       (25798519, 3, 'NY  ', '2015-10-20', 1, '2015-10-20 03:58:19.484493', 'Frikort '),
       (27167773, 1, 'FBER', '2016-04-21', 1, '2016-04-20 22:48:22.623387', 'K231B260'),
       (27167773, 1, 'LOPE', '2016-04-20', 1, '2016-04-20 22:48:22.623385', 'K231B260'),
       (27167773, 1, 'NY  ', '2016-04-20', 1, '2016-04-20 01:59:55.089354', 'Frikort '),
       (27167773, 2, 'FBER', '2016-04-21', 1, '2016-04-20 22:48:22.623389', 'K231B260'),
       (27167773, 2, 'LOPE', '2016-04-20', 1, '2016-04-20 22:48:22.623388', 'K231B260'),
       (27167773, 2, 'NY  ', '2016-04-20', 1, '2016-04-20 01:59:55.091041', 'Frikort '),
       (27167773, 3, 'FBER', '2016-04-21', 1, '2016-04-20 22:48:22.623391', 'K231B260'),
       (27167773, 3, 'LOPE', '2016-04-20', 1, '2016-04-20 22:48:22.623390', 'K231B260'),
       (27167773, 3, 'NY  ', '2016-04-20', 1, '2016-04-20 01:59:55.093686', 'Frikort '),
       (27584680, 1, 'FBER', '2016-06-07', 1, '2016-06-07 22:53:22.057721', 'K231B260'),
       (27584680, 1, 'LOPE', '2016-06-06', 1, '2016-06-07 22:53:22.057720', 'K231B260'),
       (27584680, 1, 'NY  ', '2016-06-06', 1, '2016-06-07 01:36:12.187966', 'Frikort '),
       (27850326, 1, 'FBER', '2016-07-06', 1, '2016-07-06 02:00:21.352050', 'K231B260'),
       (27850326, 1, 'LOPE', '2016-07-05', 1, '2016-07-06 02:00:21.352049', 'K231B260'),
       (27850326, 1, 'NY  ', '2016-07-05', 1, '2016-07-05 03:33:39.017677', 'Frikort '),
       (38023013, 1, 'FBER', '2018-04-25', 1, '2018-04-25 23:52:45.876546', 'K231B260'),
       (38023013, 1, 'LOPE', '2018-04-24', 1, '2018-04-25 23:52:45.876515', 'K231B260'),
       (38023013, 1, 'NY  ', '2018-04-24', 1, '2018-04-25 00:14:13.222740', 'Frikort '),
       (38023013, 2, 'FBER', '2018-04-25', 1, '2018-04-25 23:52:45.876706', 'K231B260'),
       (38023013, 2, 'LOPE', '2018-04-24', 1, '2018-04-25 23:52:45.876687', 'K231B260'),
       (38023013, 2, 'NY  ', '2018-04-24', 1, '2018-04-25 00:14:13.226140', 'Frikort '),
       (38023013, 3, 'FBER', '2018-04-25', 1, '2018-04-25 23:52:45.876751', 'K231B260'),
       (38023013, 3, 'LOPE', '2018-04-24', 1, '2018-04-25 23:52:45.876728', 'K231B260'),
       (38023013, 3, 'NY  ', '2018-04-24', 1, '2018-04-25 00:14:13.229871', 'Frikort '),
       (38023013, 4, 'FBER', '2018-04-25', 1, '2018-04-25 23:52:45.876861', 'K231B260'),
       (38023013, 4, 'LOPE', '2018-04-24', 1, '2018-04-25 23:52:45.876773', 'K231B260'),
       (38023013, 4, 'NY  ', '2018-04-24', 1, '2018-04-25 00:14:13.233265', 'Frikort '),
       (39341140, 1, 'FBER', '2018-06-07', 1, '2018-06-07 23:15:54.840857', 'K231B260'),
       (39341140, 1, 'LOPE', '2018-06-06', 1, '2018-06-07 23:15:54.840823', 'K231B260'),
       (39341140, 1, 'NY  ', '2018-06-06', 1, '2018-06-07 00:32:46.091204', 'Frikort '),
       (39341140, 2, 'FBER', '2018-06-07', 1, '2018-06-07 23:15:54.840936', 'K231B260'),
       (39341140, 2, 'LOPE', '2018-06-06', 1, '2018-06-07 23:15:54.840917', 'K231B260'),
       (39341140, 2, 'NY  ', '2018-06-06', 1, '2018-06-07 00:32:46.092780', 'Frikort '),
       (42280436, 1, 'FBER', '2018-12-07', 1, '2018-12-10 23:22:32.338984', 'K231B260'),
       (42280436, 1, 'LOPE', '2018-12-06', 1, '2018-12-10 23:22:32.338941', 'K231B260'),
       (42280436, 1, 'NY  ', '2018-12-06', 1, '2018-12-08 16:23:12.693738', 'Frikort '),
       (42280436, 2, 'FBER', '2018-12-07', 1, '2018-12-10 23:22:32.339039', 'K231B260'),
       (42280436, 2, 'LOPE', '2018-12-06', 1, '2018-12-10 23:22:32.339016', 'K231B260'),
       (42280436, 2, 'NY  ', '2018-12-06', 1, '2018-12-08 16:23:12.697513', 'Frikort '),
       (43865078, 1, 'FBER', '2019-03-28', 1, '2019-03-29 00:53:24.268355', 'K231B260'),
       (43865078, 1, 'LOPE', '2019-03-27', 1, '2019-03-29 00:53:24.268322', 'K231B260'),
       (43865078, 1, 'NY  ', '2019-03-27', 1, '2019-03-28 02:12:06.822578', 'Frikort '),
       (43865078, 2, 'FBER', '2019-03-28', 1, '2019-03-29 00:53:24.268394', 'K231B260'),
       (43865078, 2, 'LOPE', '2019-03-27', 1, '2019-03-29 00:53:24.268377', 'K231B260'),
       (43865078, 2, 'NY  ', '2019-03-27', 1, '2019-03-28 02:12:06.826964', 'Frikort '),
       (43865078, 3, 'FBER', '2019-03-28', 1, '2019-03-29 00:53:24.268484', 'K231B260'),
       (43865078, 3, 'LOPE', '2019-03-27', 1, '2019-03-29 00:53:24.268465', 'K231B260'),
       (43865078, 3, 'NY  ', '2019-03-27', 1, '2019-03-28 02:12:06.834363', 'Frikort '),
       (43865078, 4, 'FBER', '2019-03-28', 1, '2019-03-29 00:53:24.268523', 'K231B260'),
       (43865078, 4, 'LOPE', '2019-03-27', 1, '2019-03-29 00:53:24.268505', 'K231B260'),
       (43865078, 4, 'NY  ', '2019-03-27', 1, '2019-03-28 02:12:06.845816', 'Frikort '),
       (43865078, 5, 'FBER', '2019-03-28', 1, '2019-03-29 00:53:24.268559', 'K231B260'),
       (43865078, 5, 'LOPE', '2019-03-27', 1, '2019-03-29 00:53:24.268543', 'K231B260'),
       (43865078, 5, 'NY  ', '2019-03-27', 1, '2019-03-28 02:12:06.867638', 'Frikort '),
       (44472506, 1, 'FBER', '2019-05-09', 1, '2019-05-09 23:06:42.191303', 'K231B260'),
       (44472506, 1, 'LOPE', '2019-05-08', 1, '2019-05-09 23:06:42.191002', 'K231B260'),
       (44472506, 1, 'NY  ', '2019-05-08', 1, '2019-05-08 23:27:45.266148', 'Frikort '),
       (70433132, 1, 'FBER', '2024-01-06', 1, '2024-01-11 13:29:39.926052', 'K231B260'),
       (70433132, 1, 'LOPE', '2024-01-05', 1, '2024-01-11 13:29:39.924699', 'K231B260'),
       (70433132, 1, 'NY  ', '2024-01-05', 1, '2024-01-05 18:05:45.432110', 'R150818 '),
       (30265404, 1, 'FBER', '2017-02-03', 1, '2017-02-21 04:25:03.729984', 'K231B260'),
       (30265404, 1, 'LOPE', '2017-01-06', 1, '2017-02-03 01:48:06.684307', 'K231B260'),
       (30265404, 1, 'NY  ', '2017-01-06', 1, '2017-02-02 08:03:19.745648', 'HSB4410 '),
       (30265404, 2, 'FBER', '2017-02-16', 1, '2017-05-17 00:36:57.962836', 'K231B260'),
       (30265404, 2, 'LOPE', '2017-02-03', 1, '2017-05-17 00:36:57.962814', 'K231B260'),
       (30265404, 2, 'NY  ', '2017-02-03', 1, '2017-05-16 15:47:20.550331', 'AEB4410 '),
       (32464186, 1, 'FBER', '2017-06-01', 1, '2017-05-20 01:41:15.885266', 'K231B260'),
       (32464186, 1, 'LOPE', '2017-05-01', 1, '2017-05-20 01:41:15.885223', 'K231B260'),
       (32464186, 1, 'NY  ', '2017-05-01', 1, '2017-05-14 17:23:03.961398', 'K2786FPW'),
       (32464186, 2, 'FBER', '2017-06-01', 1, '2017-06-15 22:41:16.527525', 'K231B260'),
       (32464186, 2, 'LOPE', '2017-05-01', 1, '2017-06-15 22:41:16.527503', 'K231B260'),
       (32464186, 2, 'NY  ', '2017-05-01', 1, '2017-06-15 21:24:30.830722', 'K2786FPW'),
       (39012223, 1, 'FBER', '2018-06-01', 1, '2018-05-20 09:47:47.514210', 'K231B260'),
       (39012223, 1, 'LOPE', '2018-05-01', 1, '2018-05-20 09:47:47.514150', 'K231B260'),
       (39012223, 1, 'NY  ', '2018-05-01', 1, '2018-05-20 04:06:18.654319', 'K2786FPW'),
       (65575164, 1, 'FBER', '2022-03-01', 1, '2023-02-16 22:50:32.218401', 'K231B260'),
       (65575164, 1, 'LOPE', '2022-02-01', 1, '2023-02-16 22:50:32.218375', 'K231B260'),
       (65575164, 1, 'NY  ', '2022-02-01', 1, '2023-02-16 11:53:01.153263', 'K231B433'),
       (65575164, 2, 'FBER', '2022-03-01', 1, '2023-02-16 22:50:32.218431', 'K231B260'),
       (65575164, 2, 'LOPE', '2022-02-01', 1, '2023-02-16 22:50:32.218418', 'K231B260'),
       (65575164, 2, 'NY  ', '2022-02-01', 1, '2023-02-16 11:53:01.163646', 'K231B433'),
       (65575164, 3, 'FBER', '2022-03-01', 1, '2023-02-16 22:50:32.218459', 'K231B260'),
       (65575164, 3, 'LOPE', '2022-02-01', 1, '2023-02-16 22:50:32.218446', 'K231B260'),
       (65575164, 3, 'NY  ', '2022-02-01', 1, '2023-02-16 11:53:01.165004', 'K231B433'),
       (65575164, 4, 'FBER', '2022-03-01', 1, '2023-02-16 22:50:32.218487', 'K231B260'),
       (65575164, 4, 'LOPE', '2022-02-01', 1, '2023-02-16 22:50:32.218473', 'K231B260'),
       (65575164, 4, 'NY  ', '2022-02-01', 1, '2023-02-16 11:53:01.166206', 'K231B433'),
       (65575164, 5, 'FBER', '2022-04-01', 1, '2023-02-16 22:50:32.218513', 'K231B260'),
       (65575164, 5, 'LOPE', '2022-03-01', 1, '2023-02-16 22:50:32.218501', 'K231B260'),
       (65575164, 5, 'NY  ', '2022-03-01', 1, '2023-02-16 11:53:01.167478', 'K231B433'),
       (65575164, 6, 'FBER', '2022-04-01', 1, '2023-02-16 22:50:32.218541', 'K231B260'),
       (65575164, 6, 'LOPE', '2022-03-01', 1, '2023-02-16 22:50:32.218528', 'K231B260'),
       (65575164, 6, 'NY  ', '2022-03-01', 1, '2023-02-16 11:53:01.169006', 'K231B433'),
       (65575164, 7, 'FBER', '2022-04-01', 1, '2023-02-16 22:50:32.218568', 'K231B260'),
       (65575164, 7, 'LOPE', '2022-03-01', 1, '2023-02-16 22:50:32.218556', 'K231B260'),
       (65575164, 7, 'NY  ', '2022-03-01', 1, '2023-02-16 11:53:01.170549', 'K231B433'),
       (65575164, 8, 'FBER', '2022-04-01', 1, '2023-02-16 22:50:32.218603', 'K231B260'),
       (65575164, 8, 'LOPE', '2022-03-01', 1, '2023-02-16 22:50:32.218586', 'K231B260'),
       (65575164, 8, 'NY  ', '2022-03-01', 1, '2023-02-16 11:53:01.172930', 'K231B433'),
       (65575164, 9, 'FBER', '2022-05-01', 1, '2023-02-16 22:50:32.218638', 'K231B260'),
       (65575164, 9, 'LOPE', '2022-04-01', 1, '2023-02-16 22:50:32.218622', 'K231B260'),
       (65575164, 9, 'NY  ', '2022-04-01', 1, '2023-02-16 11:53:01.174301', 'K231B433'),
       (65575164, 10, 'FBER', '2022-05-01', 1, '2023-02-16 22:50:32.218664', 'K231B260'),
       (65575164, 10, 'LOPE', '2022-04-01', 1, '2023-02-16 22:50:32.218652', 'K231B260'),
       (65575164, 10, 'NY  ', '2022-04-01', 1, '2023-02-16 11:53:01.180541', 'K231B433'),
       (65575164, 11, 'FBER', '2022-05-01', 1, '2023-02-16 22:50:32.218692', 'K231B260'),
       (65575164, 11, 'LOPE', '2022-04-01', 1, '2023-02-16 22:50:32.218680', 'K231B260'),
       (65575164, 11, 'NY  ', '2022-04-01', 1, '2023-02-16 11:53:01.181577', 'K231B433'),
       (65575164, 12, 'FBER', '2022-05-01', 1, '2023-02-16 22:50:32.218719', 'K231B260'),
       (65575164, 12, 'LOPE', '2022-04-01', 1, '2023-02-16 22:50:32.218707', 'K231B260'),
       (65575164, 12, 'NY  ', '2022-04-01', 1, '2023-02-16 11:53:01.182568', 'K231B433'),
       (65494162, 1, 'FBER', '2023-02-01', 1, '2023-02-10 23:00:52.698201', 'K231B260'),
       (65494162, 1, 'LOPE', '2023-01-01', 1, '2023-02-10 23:00:52.698172', 'K231B260'),
       (65494162, 1, 'NY  ', '2023-01-01', 1, '2023-02-10 11:14:56.319205', 'TOB-2604'),
       (58308587, 1, 'KORR', '2021-12-01', 1, '2022-11-04 07:59:50.187669', 'H145594 '),
       (58308587, 1, 'KORR', '2022-01-01', 1, '2022-05-13 23:29:04.967404', 'BPEN093 '),
       (58308587, 1, 'KORR', '2022-02-01', 1, '2022-04-11 16:00:24.813540', 'H103181 '),
       (58308587, 1, 'LOPE', '2021-12-01', 1, '2021-11-27 02:18:54.034011', 'K231B260'),
       (58308587, 1, 'NY  ', '2021-12-01', 1, '2021-11-18 08:25:00.466145', 'L151691 '),
       (58308587, 2, 'KORR', '2022-02-01', 1, '2022-05-13 23:29:04.967117', 'BPEN093 '),
       (58308587, 2, 'LOPE', '2022-02-01', 1, '2022-04-11 22:52:07.039334', 'K231B260'),
       (58308587, 2, 'NY  ', '2022-02-01', 1, '2022-04-11 16:00:24.800812', 'H103181 '),
       (58308587, 3, 'FBER', '2022-02-01', 1, '2022-05-16 22:59:42.663668', 'K231B260'),
       (58308587, 3, 'KORR', '2022-01-01', 1, '2022-11-04 07:59:50.186717', 'H145594 '),
       (58308587, 3, 'LOPE', '2022-01-01', 1, '2022-05-16 22:59:42.663638', 'K231B260'),
       (58308587, 3, 'NY  ', '2022-01-01', 1, '2022-05-13 23:29:04.965370', 'BPEN093 '),
       (58308587, 4, 'KORR', '2022-02-01', 1, '2022-11-04 07:59:50.186125', 'H145594 '),
       (58308587, 4, 'KORR', '2022-05-01', 1, '2022-05-21 05:08:37.009517', 'BPEN068 '),
       (58308587, 4, 'LOPE', '2022-02-01', 1, '2022-05-16 22:59:42.663702', 'K231B260'),
       (58308587, 4, 'NY  ', '2022-02-01', 1, '2022-05-13 23:29:04.971379', 'BPEN093 '),
       (58308587, 5, 'KORR', '2022-05-01', 1, '2022-11-04 07:59:50.184745', 'H145594 '),
       (58308587, 5, 'LOPE', '2022-05-01', 1, '2022-06-04 02:37:02.157677', 'K231B260'),
       (58308587, 5, 'NY  ', '2022-05-01', 1, '2022-05-21 05:08:37.008202', 'BPEN068 '),
       (58308587, 6, 'FBER', '2022-01-01', 1, '2022-11-04 21:19:46.050525', 'K231B260'),
       (58308587, 6, 'LOPE', '2021-12-01', 1, '2022-11-04 21:19:46.050434', 'K231B260'),
       (58308587, 6, 'NY  ', '2021-12-01', 1, '2022-11-04 07:59:50.174904', 'H145594 '),
       (58308587, 7, 'FBER', '2022-02-01', 1, '2022-11-04 21:19:46.050556', 'K231B260'),
       (58308587, 7, 'LOPE', '2022-01-01', 1, '2022-11-04 21:19:46.050542', 'K231B260'),
       (58308587, 7, 'NY  ', '2022-01-01', 1, '2022-11-04 07:59:50.193015', 'H145594 '),
       (58308587, 8, 'FBER', '2022-05-01', 1, '2022-11-04 21:19:46.050585', 'K231B260'),
       (58308587, 8, 'LOPE', '2022-02-01', 1, '2022-11-04 21:19:46.050571', 'K231B260'),
       (58308587, 8, 'NY  ', '2022-02-01', 1, '2022-11-04 07:59:50.196254', 'H145594 '),
       (58308587, 9, 'KORR', '2023-01-01', 1, '2022-12-18 16:31:45.669666', 'BPEN093 '),
       (58308587, 9, 'LOPE', '2022-05-01', 1, '2022-11-04 21:19:46.050601', 'K231B260'),
       (58308587, 9, 'NY  ', '2022-05-01', 1, '2022-11-04 07:59:50.199033', 'H145594 '),
       (58308587, 10, 'KORR', '2023-05-01', 1, '2023-05-27 09:36:52.209166', 'BPEN068 '),
       (58308587, 10, 'LOPE', '2023-01-01', 1, '2023-01-06 21:36:16.393835', 'K231B260'),
       (58308587, 10, 'NY  ', '2023-01-01', 1, '2022-12-18 16:31:45.664138', 'BPEN093 '),
       (58308587, 11, 'KORR', '2024-01-01', 1, '2024-01-04 23:20:18.360291', 'BPEN093 '),
       (58308587, 11, 'LOPE', '2023-05-01', 1, '2023-06-03 04:34:27.622500', 'K231B260'),
       (58308587, 11, 'NY  ', '2023-05-01', 1, '2023-05-27 09:36:52.208041', 'BPEN068 '),
       (58308587, 12, 'KORR', '2024-05-01', 1, '2024-05-25 13:55:20.939213', 'BPEN068 '),
       (58308587, 12, 'LOPE', '2024-01-01', 1, '2024-01-05 22:54:17.203137', 'K231B260'),
       (58308587, 12, 'NY  ', '2024-01-01', 1, '2024-01-04 23:20:18.357521', 'BPEN093 '),
       (58308587, 13, 'KORR', '2024-07-01', 1, '2024-06-11 23:51:12.242571', 'BPEN093 '),
       (58308587, 13, 'LOPE', '2024-05-01', 1, '2024-06-01 04:49:12.850668', 'K231B260'),
       (58308587, 13, 'NY  ', '2024-05-01', 1, '2024-05-25 13:55:20.937967', 'BPEN068 '),
       (58308587, 14, 'ATTE', '2024-09-01', 1, '2024-09-20 14:51:51.307527', 'H135685 '),
       (58308587, 14, 'ATTE', '2024-10-01', 1, '2024-09-26 13:37:50.741037', 'N168245 '),
       (58308587, 14, 'IKAT', '2024-09-01', 1, '2024-09-10 18:48:57.805823', 'K231B010'),
       (58308587, 14, 'IKAT', '2024-10-01', 1, '2024-09-23 20:25:55.240661', 'K231B010'),
       (58308587, 14, 'IKAT', '2024-12-01', 1, '2024-12-02 18:49:27.832099', 'K231B010'),
       (58308587, 14, 'LOPE', '2024-07-01', 1, '2024-07-05 23:20:51.758207', 'K231B260'),
       (58308587, 14, 'LOPE', '2024-09-01', 1, '2024-09-20 18:52:57.634766', 'K231B260'),
       (58308587, 14, 'LOPE', '2024-10-01', 1, '2024-10-14 20:01:32.279985', 'K231B260'),
       (58308587, 14, 'NY  ', '2024-07-01', 1, '2024-06-11 23:51:12.238521', 'BPEN093 ');

insert into T_OPPDRAGSENHET (OPPDRAGS_ID, TYPE_ENHET, DATO_FOM, NOKKEL_ID, ENHET, TIDSPKT_REG, BRUKERID)
values (25798519, 'BEH ', '2015-07-03', 2, '2340         ', '2015-10-20 03:58:19.479876', 'Frikort '),
       (25798519, 'BOS ', '2015-07-03', 1, '2360         ', '2015-10-20 03:58:19.479648', 'Frikort '),
       (27167773, 'BEH ', '2016-03-04', 2, '2340         ', '2016-04-20 01:59:55.076400', 'Frikort '),
       (27167773, 'BOS ', '2016-03-04', 1, '2360         ', '2016-04-20 01:59:55.076179', 'Frikort '),
       (27584680, 'BEH ', '2016-02-04', 2, '2340         ', '2016-06-07 01:36:12.185250', 'Frikort '),
       (27584680, 'BOS ', '2016-02-04', 1, '2360         ', '2016-06-07 01:36:12.185024', 'Frikort '),
       (27850326, 'BEH ', '2016-03-29', 2, '2340         ', '2016-07-05 03:33:39.005646', 'Frikort '),
       (27850326, 'BOS ', '2016-03-29', 1, '2360         ', '2016-07-05 03:33:39.005439', 'Frikort '),
       (38023013, 'BEH ', '2018-02-16', 2, '2340         ', '2018-04-25 00:14:13.160182', 'Frikort '),
       (38023013, 'BOS ', '2018-02-16', 1, '2360         ', '2018-04-25 00:14:13.159800', 'Frikort '),
       (39341140, 'BEH ', '2018-01-31', 2, '2340         ', '2018-06-07 00:32:46.033884', 'Frikort '),
       (39341140, 'BOS ', '2018-01-31', 1, '2360         ', '2018-06-07 00:32:46.033558', 'Frikort '),
       (42280436, 'BEH ', '2018-07-26', 2, '2340         ', '2018-12-08 16:23:12.643930', 'Frikort '),
       (42280436, 'BOS ', '2018-07-26', 1, '2360         ', '2018-12-08 16:23:12.643664', 'Frikort '),
       (43865078, 'BEH ', '2019-01-04', 2, '2340         ', '2019-03-28 02:12:06.797292', 'Frikort '),
       (43865078, 'BOS ', '2019-01-04', 1, '2360         ', '2019-03-28 02:12:06.796746', 'Frikort '),
       (44472506, 'BEH ', '2019-02-22', 2, '2340         ', '2019-05-08 23:27:45.257366', 'Frikort '),
       (44472506, 'BOS ', '2019-02-22', 1, '2360         ', '2019-05-08 23:27:45.256956', 'Frikort '),
       (70433132, 'BOS ', '2024-01-05', 1, '8020         ', '2024-01-05 18:05:45.425759', 'R150818 '),
       (30265404, 'BOS ', '2017-01-06', 1, '8020         ', '2017-02-02 08:03:19.743973', 'HSB4410 '),
       (30265404, 'BOS ', '2017-02-03', 1, '8020         ', '2017-05-16 15:47:20.535422', 'AEB4410 '),
       (32464186, 'BOS ', '2017-05-01', 1, '8020         ', '2017-05-14 17:23:03.958536', 'K2786FPW'),
       (39012223, 'BOS ', '2018-05-01', 1, '8020         ', '2018-05-20 04:06:18.653234', 'K2786FPW'),
       (65575164, 'BEH ', '2022-02-01', 2, '4819         ', '2023-02-16 11:53:01.140989', 'PP01    '),
       (65575164, 'BOS ', '2022-02-01', 1, '4402         ', '2023-02-16 11:53:01.138371', 'PP01    '),
       (65494162, 'BOS ', '2023-01-01', 1, '4819         ', '2023-02-10 11:14:56.318156', 'TOB-2604'),
       (58308587, 'BEH ', '2021-09-24', 2, '4819         ', '2021-11-18 08:25:00.461283', 'L151691 '),
       (58308587, 'BOS ', '2021-09-24', 1, '4402         ', '2021-11-18 08:25:00.458863', 'L151691 ');

insert into T_ATTESTASJON (OPPDRAGS_ID, LINJE_ID, ATTESTANT_ID, LOPENR, DATO_UGYLDIG_FOM, BRUKERID, TIDSPKT_REG)
values (25798519, 1, 'W117231 ', 18, '2025-10-14', 'W117231 ', '2024-10-14 13:19:42.747251'),
       (25798519, 2, 'W117231 ', 8, '9999-12-31', 'W117231 ', '2024-11-29 15:29:20.444080'),
       (25798519, 3, 'W117231 ', 6, '9999-12-31', 'W117231 ', '2024-12-16 10:09:58.235057'),
       (27167773, 1, 'Frikort ', 1, '9999-12-31', 'Frikort ', '2016-04-20 01:59:55.089455'),
       (27167773, 2, 'W117231 ', 1, '9999-12-31', 'W117231 ', '2024-12-19 16:27:10.314280'),
       (27167773, 3, 'W117231 ', 1, '9999-12-31', 'W117231 ', '2024-10-14 13:40:16.921651'),
       (27584680, 1, 'Frikort ', 1, '9999-12-31', 'Frikort ', '2016-06-07 01:36:12.188072'),
       (30265404, 1, 'HSB4410 ', 1, '9999-12-31', 'HSB4410 ', '2017-02-02 08:03:19.746749'),
       (30265404, 2, 'AEB4410 ', 1, '9999-12-31', 'AEB4410 ', '2017-05-16 15:47:20.551438'),
       (32464186, 1, 'K2786FPW', 1, '9999-12-31', 'K2786FPW', '2017-05-14 17:23:03.961496'),
       (32464186, 2, 'K2786FPW', 1, '9999-12-31', 'K2786FPW', '2017-06-15 21:24:30.833247'),
       (38023013, 3, 'Frikort ', 1, '9999-12-31', 'Frikort ', '2018-04-25 00:14:13.229950'),
       (38023013, 4, 'Frikort ', 1, '9999-12-31', 'Frikort ', '2018-04-25 00:14:13.233341'),
       (39012223, 1, 'K2786FPW', 1, '9999-12-31', 'K2786FPW', '2018-05-20 04:06:18.654430'),
       (39341140, 1, 'Frikort ', 1, '9999-12-31', 'Frikort ', '2018-06-07 00:32:46.091338'),
       (39341140, 2, 'Frikort ', 1, '9999-12-31', 'Frikort ', '2018-06-07 00:32:46.092918'),
       (42280436, 1, 'Frikort ', 1, '9999-12-31', 'Frikort ', '2018-12-08 16:23:12.693842'),
       (42280436, 2, 'Frikort ', 1, '9999-12-31', 'Frikort ', '2018-12-08 16:23:12.697605'),
       (43865078, 1, 'Frikort ', 1, '9999-12-31', 'Frikort ', '2019-03-28 02:12:06.822708'),
       (43865078, 2, 'Frikort ', 1, '9999-12-31', 'Frikort ', '2019-03-28 02:12:06.827220'),
       (43865078, 3, 'Frikort ', 1, '9999-12-31', 'Frikort ', '2019-03-28 02:12:06.834491'),
       (43865078, 4, 'Frikort ', 1, '9999-12-31', 'Frikort ', '2019-03-28 02:12:06.846021'),
       (43865078, 5, 'Frikort ', 1, '9999-12-31', 'Frikort ', '2019-03-28 02:12:06.869717'),
       (44472506, 1, 'Frikort ', 1, '9999-12-31', 'Frikort ', '2019-05-08 23:27:45.266403'),
       (58308587, 1, 'N168246 ', 3, '9999-12-31', 'N168245 ', '2024-10-07 16:17:17.035115'),
       (58308587, 2, 'K104854 ', 1, '9999-12-31', 'H103181 ', '2022-04-11 16:00:24.816367'),
       (58308587, 3, 'N168246 ', 7, '9999-12-31', 'N168245 ', '2024-09-17 10:44:18.139331'),
       (58308587, 5, 'BPEN068 ', 1, '9999-12-31', 'BPEN068 ', '2022-05-21 05:08:37.010127'),
       (58308587, 8, 'H135685 ', 11, '9999-12-31', 'H135685 ', '2024-12-10 13:38:08.161243'),
       (58308587, 9, 'H135685 ', 15, '9999-12-31', 'H135685 ', '2024-12-13 14:52:44.850646'),
       (58308587, 10, 'H135685 ', 12, '9999-12-31', 'H135685 ', '2024-12-13 14:52:44.857086'),
       (65494162, 1, 'TOB-2604', 1, '9999-12-31', 'TOB-2604', '2023-02-10 11:14:56.319277'),
       (65575164, 1, 'K231B433', 1, '9999-12-31', 'PP01    ', '2023-02-16 11:53:01.157648'),
       (65575164, 2, 'K231B433', 1, '9999-12-31', 'PP01    ', '2023-02-16 11:53:01.163808'),
       (65575164, 3, 'K231B433', 1, '9999-12-31', 'PP01    ', '2023-02-16 11:53:01.165180'),
       (65575164, 4, 'K231B433', 1, '9999-12-31', 'PP01    ', '2023-02-16 11:53:01.166376'),
       (65575164, 5, 'K231B433', 1, '9999-12-31', 'PP01    ', '2023-02-16 11:53:01.167633'),
       (65575164, 6, 'K231B433', 1, '9999-12-31', 'PP01    ', '2023-02-16 11:53:01.169160'),
       (65575164, 7, 'K231B433', 1, '9999-12-31', 'PP01    ', '2023-02-16 11:53:01.171065'),
       (65575164, 8, 'K231B433', 1, '9999-12-31', 'PP01    ', '2023-02-16 11:53:01.173144'),
       (65575164, 9, 'K231B433', 1, '9999-12-31', 'PP01    ', '2023-02-16 11:53:01.174966'),
       (65575164, 10, 'K231B433', 1, '9999-12-31', 'PP01    ', '2023-02-16 11:53:01.180709'),
       (65575164, 11, 'K231B433', 1, '9999-12-31', 'PP01    ', '2023-02-16 11:53:01.181727'),
       (65575164, 12, 'K231B433', 1, '9999-12-31', 'PP01    ', '2023-02-16 11:53:01.182720'),
       (70433132, 1, 'N126728 ', 1, '9999-12-31', 'N126728 ', '2024-01-11 13:29:28.068031');