insert into T_OPPDRAG (OPPDRAGS_ID, FAGSYSTEM_ID, KODE_FAGOMRAADE, FREKVENS, KJOR_IDAG, STONAD_ID, DATO_FORFALL, OPPDRAG_GJELDER_ID, TYPE_BILAG, BRUKERID, TIDSPKT_REG)
values (25798519, '13175913                      ', 'FRIKORT1', 'ENG ', 'J', '          ', '2015-10-20', '24029428499', '    ', 'Frikort ', '2015-10-20 03:58:19.479004'),
       (27167773, '13731645                      ', 'FRIKORT1', 'ENG ', 'J', '          ', '2016-04-20', '24029428499', '    ', 'Frikort ', '2016-04-20 01:59:55.075778'),
       (44472506, '18884021                      ', 'FRIKORT1', 'ENG ', 'N', '          ', '2019-05-08', '24029428499', '    ', 'Frikort ', '2019-05-08 23:27:45.256148'),
       (70433132, '24029428499-g05012024         ', 'MOSALLE ', 'MND ', 'N', '          ', null, '24029428499', 'ORDI', 'R150818 ', '2024-01-05 18:05:45.420229'),
       (30265404, 'SP00724748120161221           ', 'SP      ', 'MND ', 'N', '20161221  ', null, '24029428499', '    ', 'HSB4410 ', '2017-02-02 08:03:19.743156'),
       (32464186, 'FY00724748120170501         FY', 'SP      ', 'MND ', 'N', '20170501  ', null, '24029428499', '    ', 'K2786FPW', '2017-05-14 17:23:03.958351'),
       (39012223, 'FY00724748120180501         FY', 'SP      ', 'MND ', 'N', '20180501  ', null, '24029428499', '    ', 'K2786FPW', '2018-05-20 04:06:18.646297'),
       (65575164, '000320282                     ', 'TBUT    ', 'MND ', 'N', '          ', null, '24029428499', 'MEMO', 'PP01    ', '2023-02-16 11:53:01.131936'),
       (65494162, 'UFORENG-24029428499           ', 'UFORENG ', 'MND ', 'N', '          ', null, '24029428499', '    ', 'TOB-2604', '2023-02-10 11:14:56.315709'),
       (58308587, '25444802                      ', 'UFOREUT ', 'MND ', 'N', '          ', null, '24029428499', '    ', 'L151691 ', '2021-11-18 08:25:00.450713');

insert into T_OPPDRAG_STATUS (OPPDRAGS_ID, KODE_STATUS, LOPENR, TIDSPKT_REG, BRUKERID)
values (25798519, 'AKTI', 1, '2015-10-20 03:58:19.486831', 'Frikort '),
       (25798519, 'PASS', 1, '2015-10-20 22:36:36.561135', 'K231B260'),
       (27167773, 'AKTI', 1, '2016-04-20 01:59:55.098334', 'Frikort '),
       (27167773, 'PASS', 1, '2016-04-20 22:48:19.344567', 'K231B260'),
       (44472506, 'AKTI', 1, '2019-05-08 23:27:45.281086', 'Frikort '),
       (44472506, 'PASS', 1, '2019-05-09 23:06:42.190383', 'K231B260'),
       (70433132, 'AKTI', 1, '2024-01-05 18:05:45.438746', 'R150818 '),
       (70433132, 'PASS', 1, '2024-01-11 13:29:39.922778', 'K231B260'),
       (30265404, 'AKTI', 1, '2017-02-02 08:03:19.748613', 'HSB4410 '),
       (30265404, 'AKTI', 2, '2017-05-16 15:47:20.554131', 'AEB4410 '),
       (30265404, 'PASS', 1, '2017-02-21 04:24:57.959222', 'K231B260'),
       (30265404, 'PASS', 2, '2017-05-17 00:36:57.962685', 'K231B260'),
       (32464186, 'AKTI', 1, '2017-05-14 17:23:03.965739', 'K2786FPW'),
       (32464186, 'AKTI', 2, '2017-06-15 21:24:30.854130', 'K2786FPW'),
       (32464186, 'PASS', 1, '2017-05-20 01:41:15.885016', 'K231B260'),
       (32464186, 'PASS', 2, '2017-06-15 22:41:16.527383', 'K231B260'),
       (39012223, 'AKTI', 1, '2018-05-20 04:06:18.659279', 'K2786FPW'),
       (39012223, 'PASS', 1, '2018-05-20 09:47:47.514025', 'K231B260'),
       (65575164, 'AKTI', 1, '2023-02-16 11:53:01.192041', 'PP01    '),
       (65575164, 'PASS', 1, '2023-02-16 22:50:32.217726', 'K231B260'),
       (65494162, 'AKTI', 1, '2023-02-10 11:14:56.325077', 'TOB-2604'),
       (65494162, 'PASS', 1, '2023-02-10 23:00:52.697543', 'K231B260'),
       (58308587, 'AKTI', 1, '2021-11-18 08:25:00.476562', 'L151691 ');

insert into T_OPPDRAGSLINJE (OPPDRAGS_ID, LINJE_ID, DELYTELSE_ID, SATS, TYPE_SATS, KJOR_IDAG, DATO_VEDTAK_FOM, DATO_VEDTAK_TOM, ATTESTERT, KODE_ARBGIVER, VEDTAK_ID, HENVISNING, UTBETALES_TIL_ID,
                             KODE_KLASSE, SKYLDNER_ID, KID, KRAVHAVER_ID, DATO_KRAVHAVER_FOM, TYPE_SOKNAD, MAKSDATO, REFUNDERES_ID, TIDSPKT_REG, BRUKERID)
values (25798519, 1, '3                             ', 141.00, 'ENG ', 'J', '2015-10-20', '2015-10-20', 'J', ' ', '          ', '                              ', '24029428499',
        '2050002                                           ', '           ', '                        ', '           ', null, '          ', null, '           ', '2024-10-14 11:42:16.672000',
        'Frikort '),
       (25798519, 2, '2                             ', 19.94, 'ENG ', 'J', '2015-10-20', '2015-10-20', 'J', ' ', '          ', '                              ', '24029428499',
        '2050002                                           ', '           ', '                        ', '           ', null, '          ', null, '           ', '2024-11-29 15:29:20.464547',
        'Frikort '),
       (25798519, 3, '1                             ', 141.00, 'ENG ', 'J', '2015-10-20', '2015-10-20', 'J', ' ', '          ', '                              ', '24029428499',
        '2050002                                           ', '           ', '                        ', '           ', null, '          ', null, '           ', '2024-12-16 10:09:58.250372',
        'Frikort '),
       (27167773, 1, '3                             ', 8.25, 'ENG ', 'N', '2016-04-20', '2016-04-20', 'J', ' ', '          ', '                              ', '24029428499',
        '2070002                                           ', '           ', '                        ', '           ', null, '          ', null, '           ', '2016-04-20 01:59:55.089590',
        'Frikort '),
       (27167773, 2, '2                             ', 191.00, 'ENG ', 'J', '2016-04-20', '2016-04-20', 'J', ' ', '          ', '                              ', '24029428499',
        '2050002                                           ', '           ', '                        ', '           ', null, '          ', null, '           ', '2024-12-19 16:27:10.342194',
        'Frikort '),
       (27167773, 3, '1                             ', 141.00, 'ENG ', 'J', '2016-04-20', '2016-04-20', 'J', ' ', '          ', '                              ', '24029428499',
        '2050002                                           ', '           ', '                        ', '           ', null, '          ', null, '           ', '2024-10-14 13:40:16.923935',
        'Frikort '),
       (44472506, 1, '1                             ', 351.00, 'ENG ', 'N', '2019-05-08', '2019-05-08', 'J', ' ', '          ', '                              ', '24029428499',
        '2050002                                           ', '           ', '                        ', '           ', null, '          ', null, null, '2019-05-08 23:27:45.266781', 'Frikort '),
       (70433132, 1, '1                             ', 19984.68, 'ENG ', 'N', '2024-01-05', '2024-01-05', 'N', ' ', '          ', '                              ', '24029428499',
        'AAPRNT-OP                                         ', '           ', '                        ', '           ', null, '          ', null, null, '2024-12-12 10:20:07.371834', 'R150818 '),
       (30265404, 1, 'SPL20170106007247481 707127   ', 268.00, 'DAG ', 'N', '2017-01-06', '2017-02-02', 'J', ' ', 'SP00724748', '                              ', '24029428499',
        'SPATORD                                           ', '           ', '                        ', '           ', null, '          ', '2017-02-15', '           ', '2017-02-02 08:03:19.747097',
        'HSB4410 '),
       (30265404, 2, 'SPL20170203007247481 829097   ', 268.00, 'DAG ', 'N', '2017-02-03', '2017-02-15', 'J', ' ', 'SP00724748', '                              ', '24029428499',
        'SPATORD                                           ', '           ', '                        ', '           ', null, '          ', '2017-02-15', '           ', '2017-05-16 15:47:20.551806',
        'AEB4410 '),
       (32464186, 1, 'FYL20170501007247481 79947001 ', 1009.00, 'ENG ', 'N', '2017-05-01', '2017-05-31', 'J', ' ', '          ', '                              ', '24029428499',
        'SPATFER                                           ', '           ', '                        ', '           ', null, '          ', null, null, '2017-05-14 17:23:03.961625', 'K2786FPW'),
       (32464186, 2, 'FYL20170501007247481 99736201 ', 1155.00, 'ENG ', 'N', '2017-05-01', '2017-05-31', 'J', ' ', '          ', '                              ', '24029428499',
        'SPATFER                                           ', '           ', '                        ', '           ', null, '          ', null, null, '2017-06-15 21:24:30.833366', 'K2786FPW'),
       (39012223, 1, 'FYL20180501007247481 52286901 ', 793.00, 'ENG ', 'N', '2018-05-01', '2018-05-31', 'J', ' ', '          ', '                              ', '24029428499',
        'SPATFER                                           ', '           ', '                        ', '           ', null, '          ', null, null, '2018-05-20 04:06:18.654661', 'K2786FPW'),
       (65575164, 1, '0000480355IK11.53.01.119320   ', 2051.00, 'ENG ', 'N', '2022-02-01', '2022-02-28', 'J', ' ', '2023-02-16', '0000480355                    ', '24029428499',
        'TBIIUT                                            ', '           ', '                        ', '24029428499', '2022-02-01', '          ', null, null, '2023-02-16 11:53:01.159462',
        'K231B433'),
       (65575164, 2, '0000480355MKIF11.53.01.119351 ', -2051.00, 'ENG ', 'N', '2022-02-01', '2022-02-28', 'J', ' ', '2023-02-16', '0000480355                    ', '24029428499',
        'TBMOTFB                                           ', '           ', '                        ', '24029428499', '2022-02-01', '          ', null, null, '2023-02-16 11:53:01.164090',
        'K231B433'),
       (65575164, 3, '0000480355F11.53.01.119377    ', -2051.00, 'ENG ', 'N', '2022-02-01', '2022-02-28', 'J', ' ', '2023-02-16', '0000480355                    ', '24029428499',
        'KL_KODE_FEIL_INNT                                 ', '           ', '                        ', '24029428499', '2022-02-01', '          ', null, null, '2023-02-16 11:53:01.165357',
        'K231B433'),
       (65575164, 4, '0000480355MF11.53.01.119410   ', 2051.00, 'ENG ', 'N', '2022-02-01', '2022-02-28', 'J', ' ', '2023-02-16', '0000480355                    ', '24029428499',
        'TBMOTOBS                                          ', '           ', '                        ', '24029428499', '2022-02-01', '          ', null, null, '2023-02-16 11:53:01.166581',
        'K231B433'),
       (65575164, 5, '0000480355IK11.53.01.119565   ', 2051.00, 'ENG ', 'N', '2022-03-01', '2022-03-31', 'J', ' ', '2023-02-16', '0000480355                    ', '24029428499',
        'TBIIUT                                            ', '           ', '                        ', '24029428499', '2022-03-01', '          ', null, null, '2023-02-16 11:53:01.167944',
        'K231B433'),
       (65575164, 6, '0000480355MKIF11.53.01.119589 ', -2051.00, 'ENG ', 'N', '2022-03-01', '2022-03-31', 'J', ' ', '2023-02-16', '0000480355                    ', '24029428499',
        'TBMOTFB                                           ', '           ', '                        ', '24029428499', '2022-03-01', '          ', null, null, '2023-02-16 11:53:01.169743',
        'K231B433'),
       (65575164, 7, '0000480355F11.53.01.119621    ', -2051.00, 'ENG ', 'N', '2022-03-01', '2022-03-31', 'J', ' ', '2023-02-16', '0000480355                    ', '24029428499',
        'KL_KODE_FEIL_INNT                                 ', '           ', '                        ', '24029428499', '2022-03-01', '          ', null, null, '2023-02-16 11:53:01.171819',
        'K231B433'),
       (65575164, 8, '0000480355MF11.53.01.119642   ', 2051.00, 'ENG ', 'N', '2022-03-01', '2022-03-31', 'J', ' ', '2023-02-16', '0000480355                    ', '24029428499',
        'TBMOTOBS                                          ', '           ', '                        ', '24029428499', '2022-03-01', '          ', null, null, '2023-02-16 11:53:01.173336',
        'K231B433'),
       (65575164, 9, '0000480355IK11.53.01.119760   ', 2051.00, 'ENG ', 'N', '2022-04-01', '2022-04-30', 'J', ' ', '2023-02-16', '0000480355                    ', '24029428499',
        'TBIIUT                                            ', '           ', '                        ', '24029428499', '2022-04-01', '          ', null, null, '2023-02-16 11:53:01.175163',
        'K231B433'),
       (65575164, 10, '0000480355MKIF11.53.01.119800 ', -2051.00, 'ENG ', 'N', '2022-04-01', '2022-04-30', 'J', ' ', '2023-02-16', '0000480355                    ', '24029428499',
        'TBMOTFB                                           ', '           ', '                        ', '24029428499', '2022-04-01', '          ', null, null, '2023-02-16 11:53:01.180877',
        'K231B433'),
       (65575164, 11, '0000480355F11.53.01.119819    ', -2051.00, 'ENG ', 'N', '2022-04-01', '2022-04-30', 'J', ' ', '2023-02-16', '0000480355                    ', '24029428499',
        'KL_KODE_FEIL_INNT                                 ', '           ', '                        ', '24029428499', '2022-04-01', '          ', null, null, '2023-02-16 11:53:01.181884',
        'K231B433'),
       (65575164, 12, '0000480355MF11.53.01.119839   ', 2051.00, 'ENG ', 'N', '2022-04-01', '2022-04-30', 'J', ' ', '2023-02-16', '0000480355                    ', '24029428499',
        'TBMOTOBS                                          ', '           ', '                        ', '24029428499', '2022-04-01', '          ', null, null, '2023-02-16 11:53:01.182970',
        'K231B433'),
       (65494162, 1, '1                             ', 3000.00, 'ENG ', 'N', '2023-01-01', '2023-01-31', 'J', ' ', '          ', '                              ', '24029428499',
        'UFOREUTENG-IOP                                    ', '80000466050', '                        ', '           ', null, '          ', null, null, '2023-02-10 11:14:56.319679', 'TOB-2604'),
       (58308587, 1, '668694106                     ', 23867.00, 'MND ', 'N', '2021-12-01', null, 'J', ' ', '20211118  ', '58283021                      ', '24029428499',
        'UFOREUT                                           ', '80000466050', '                        ', '           ', null, '          ', null, null, '2024-10-07 16:17:17.060839', 'L151691 '),
       (58308587, 2, '728229445                     ', 21816.00, 'MND ', 'N', '2022-02-01', null, 'J', ' ', '20220411  ', '60006064                      ', '24029428499',
        'UFOREUT                                           ', '80000466050', '                        ', '           ', null, '          ', null, null, '2022-04-11 16:00:24.818668', 'H103181 '),
       (58308587, 3, '729543392                     ', 23867.00, 'MND ', 'N', '2022-01-01', '2022-01-31', 'J', ' ', '20220513  ', '60169359                      ', '24029428499',
        'UFOREUT                                           ', '80000466050', '                        ', '           ', null, '          ', null, null, '2024-09-17 10:44:18.140532', 'BPEN093 '),
       (58308587, 4, '729543393                     ', 21816.00, 'MND ', 'N', '2022-02-01', null, 'N', ' ', '20220513  ', '60169359                      ', '24029428499',
        'UFOREUT                                           ', '80000466050', '                        ', '           ', null, '          ', null, null, '2024-09-12 23:11:28.420844', 'BPEN093 '),
       (58308587, 5, '730929065                     ', 22857.00, 'MND ', 'N', '2022-05-01', null, 'J', ' ', '20220521  ', '60264364                      ', '24029428499',
        'UFOREUT                                           ', '80000466050', '                        ', '           ', null, '          ', null, '           ', '2022-05-21 05:08:37.008200',
        'BPEN068 '),
       (58308587, 6, '759868829                     ', 23867.00, 'MND ', 'N', '2021-12-01', '2021-12-31', 'N', ' ', '20221104  ', '62013231                      ', '24029428499',
        'UFOREUT                                           ', '80000466050', '                        ', '           ', null, '          ', null, null, '2024-12-17 09:50:54.617154', 'H145594 '),
       (58308587, 7, '759868830                     ', 23867.00, 'MND ', 'N', '2022-01-01', '2022-01-31', 'N', ' ', '20221104  ', '62013231                      ', '24029428499',
        'UFOREUT                                           ', '80000466050', '                        ', '           ', null, '          ', null, null, '2024-12-20 14:00:16.229176', 'H145594 '),
       (58308587, 8, '759868831                     ', 21816.00, 'MND ', 'N', '2022-02-01', '2022-04-30', 'J', ' ', '20221104  ', '62013231                      ', '24029428499',
        'UFOREUT                                           ', '80000466050', '                        ', '           ', null, '          ', null, null, '2024-12-10 13:38:08.199883', 'H145594 '),
       (58308587, 9, '759868832                     ', 22857.00, 'MND ', 'N', '2022-05-01', null, 'J', ' ', '20221104  ', '62013231                      ', '24029428499',
        'UFOREUT                                           ', '80000466050', '                        ', '           ', null, '          ', null, null, '2024-12-13 14:52:44.854096', 'H145594 '),
       (58308587, 10, '771253891                     ', 22857.00, 'MND ', 'N', '2023-01-01', null, 'J', ' ', '20221218  ', '62672928                      ', '24029428499',
        'UFOREUT                                           ', '80000466050', '                        ', '           ', null, '          ', null, null, '2024-12-13 14:52:44.857365', 'BPEN093 '),
       (58308587, 11, '801686775                     ', 24322.00, 'MND ', 'N', '2023-05-01', null, 'N', ' ', '20230527  ', '64125865                      ', '24029428499',
        'UFOREUT                                           ', '80000466050', '                        ', '           ', null, '          ', null, '           ', '2024-12-13 14:52:15.365213',
        'BPEN068 '),
       (58308587, 12, '839410565                     ', 24322.00, 'MND ', 'N', '2024-01-01', null, 'N', ' ', '20240104  ', '65897375                      ', '24029428499',
        'UFOREUT                                           ', '80000466050', '                        ', '           ', null, '          ', null, null, '2024-12-13 14:52:15.366921', 'BPEN093 '),
       (58308587, 13, '861989539                     ', 25431.00, 'MND ', 'N', '2024-05-01', null, 'N', ' ', '20240525  ', '67037560                      ', '24029428499',
        'UFOREUT                                           ', '80000466050', '                        ', '           ', null, '          ', null, '           ', '2024-12-13 14:52:15.367271',
        'BPEN068 '),
       (58308587, 14, '878336072                     ', 25899.00, 'MND ', 'N', '2024-07-01', null, 'N', ' ', '20240611  ', '68001447                      ', '24029428499',
        'UFOREUT                                           ', '80000466050', '                        ', '           ', null, '          ', null, null, '2024-12-02 15:56:16.498347', 'BPEN093 ');

insert into T_LINJE_STATUS (OPPDRAGS_ID, LINJE_ID, KODE_STATUS, DATO_FOM, LOPENR, TIDSPKT_REG, BRUKERID)
values (25798519, 1, 'FBER', '2015-10-21', 1, '2015-10-20 22:36:43.222691', 'K231B260'),
       (25798519, 1, 'LOPE', '2015-10-20', 1, '2015-10-20 22:36:43.222690', 'K231B260'),
       (25798519, 1, 'NY  ', '2015-10-20', 1, '2015-10-20 03:58:19.480786', 'Frikort '),
       (27167773, 1, 'FBER', '2016-04-21', 1, '2016-04-20 22:48:22.623387', 'K231B260'),
       (27167773, 1, 'LOPE', '2016-04-20', 1, '2016-04-20 22:48:22.623385', 'K231B260'),
       (27167773, 1, 'NY  ', '2016-04-20', 1, '2016-04-20 01:59:55.089354', 'Frikort '),
       (44472506, 1, 'FBER', '2019-05-09', 1, '2019-05-09 23:06:42.191303', 'K231B260'),
       (44472506, 1, 'LOPE', '2019-05-08', 1, '2019-05-09 23:06:42.191002', 'K231B260'),
       (44472506, 1, 'NY  ', '2019-05-08', 1, '2019-05-08 23:27:45.266148', 'Frikort '),
       (70433132, 1, 'FBER', '2024-01-06', 1, '2024-01-11 13:29:39.926052', 'K231B260'),
       (70433132, 1, 'LOPE', '2024-01-05', 1, '2024-01-11 13:29:39.924699', 'K231B260'),
       (70433132, 1, 'NY  ', '2024-01-05', 1, '2024-01-05 18:05:45.432110', 'R150818 '),
       (30265404, 1, 'FBER', '2017-02-03', 1, '2017-02-21 04:25:03.729984', 'K231B260'),
       (30265404, 1, 'LOPE', '2017-01-06', 1, '2017-02-03 01:48:06.684307', 'K231B260'),
       (32464186, 1, 'FBER', '2017-06-01', 1, '2017-05-20 01:41:15.885266', 'K231B260'),
       (32464186, 1, 'LOPE', '2017-05-01', 1, '2017-05-20 01:41:15.885223', 'K231B260'),
       (32464186, 1, 'NY  ', '2017-05-01', 1, '2017-05-14 17:23:03.961398', 'K2786FPW'),
       (39012223, 1, 'FBER', '2018-06-01', 1, '2018-05-20 09:47:47.514210', 'K231B260'),
       (39012223, 1, 'LOPE', '2018-05-01', 1, '2018-05-20 09:47:47.514150', 'K231B260'),
       (39012223, 1, 'NY  ', '2018-05-01', 1, '2018-05-20 04:06:18.654319', 'K2786FPW'),
       (65575164, 1, 'FBER', '2022-03-01', 1, '2023-02-16 22:50:32.218401', 'K231B260'),
       (65575164, 1, 'LOPE', '2022-02-01', 1, '2023-02-16 22:50:32.218375', 'K231B260'),
       (65575164, 1, 'NY  ', '2022-02-01', 1, '2023-02-16 11:53:01.153263', 'K231B433'),
       (65494162, 1, 'FBER', '2023-02-01', 1, '2023-02-10 23:00:52.698201', 'K231B260'),
       (65494162, 1, 'LOPE', '2023-01-01', 1, '2023-02-10 23:00:52.698172', 'K231B260'),
       (65494162, 1, 'NY  ', '2023-01-01', 1, '2023-02-10 11:14:56.319205', 'TOB-2604'),
       (58308587, 1, 'KORR', '2021-12-01', 1, '2022-11-04 07:59:50.187669', 'H145594 '),
       (58308587, 1, 'KORR', '2022-01-01', 1, '2022-05-13 23:29:04.967404', 'BPEN093 '),
       (58308587, 1, 'KORR', '2022-02-01', 1, '2022-04-11 16:00:24.813540', 'H103181 ');


insert into T_OPPDRAGSENHET (OPPDRAGS_ID, TYPE_ENHET, DATO_FOM, NOKKEL_ID, ENHET, TIDSPKT_REG, BRUKERID)
values (25798519, 'BEH ', '2015-07-03', 2, '2340         ', '2015-10-20 03:58:19.479876', 'Frikort '),
       (25798519, 'BOS ', '2015-07-03', 1, '2360         ', '2015-10-20 03:58:19.479648', 'Frikort '),
       (27167773, 'BEH ', '2016-03-04', 2, '2340         ', '2016-04-20 01:59:55.076400', 'Frikort '),
       (27167773, 'BOS ', '2016-03-04', 1, '2360         ', '2016-04-20 01:59:55.076179', 'Frikort '),
       (44472506, 'BEH ', '2019-02-22', 2, '2340         ', '2019-05-08 23:27:45.257366', 'Frikort '),
       (44472506, 'BOS ', '2019-02-22', 1, '2360         ', '2019-05-08 23:27:45.256956', 'Frikort '),
       (70433132, 'BOS ', '2024-01-05', 1, '8020         ', '2024-01-05 18:05:45.425759', 'R150818 '),
       (30265404, 'BOS ', '2017-01-06', 1, '8020         ', '2017-02-02 08:03:19.743973', 'HSB4410 '),
       (30265404, 'BOS ', '2017-02-03', 1, '8020         ', '2017-05-16 15:47:20.535422', 'AEB4410 '),
       (32464186, 'BOS ', '2017-05-01', 1, '8020         ', '2017-05-14 17:23:03.958536', 'K2786FPW'),
       (39012223, 'BOS ', '2018-05-01', 1, '8020         ', '2018-05-20 04:06:18.653234', 'K2786FPW'),
       (65575164, 'BEH ', '2022-02-01', 2, '4819         ', '2023-02-16 11:53:01.140989', 'PP01    '),
       (65575164, 'BOS ', '2022-02-01', 1, '4402         ', '2023-02-16 11:53:01.138371', 'PP01    '),
       (65494162, 'BOS ', '2023-01-01', 1, '4819         ', '2023-02-10 11:14:56.318156', 'TOB-2604'),
       (58308587, 'BEH ', '2021-09-24', 2, '4819         ', '2021-11-18 08:25:00.461283', 'L151691 '),
       (58308587, 'BOS ', '2021-09-24', 1, '4402         ', '2021-11-18 08:25:00.458863', 'L151691 ');

insert into T_ATTESTASJON (OPPDRAGS_ID, LINJE_ID, ATTESTANT_ID, LOPENR, DATO_UGYLDIG_FOM, BRUKERID, TIDSPKT_REG)
values (25798519, 1, 'W117231 ', 18, '2025-10-14', 'W117231 ', '2024-10-14 13:19:42.747251'),
       (27167773, 1, 'Frikort ', 1, '9999-12-31', 'Frikort ', '2016-04-20 01:59:55.089455'),
       (30265404, 1, 'HSB4410 ', 1, '9999-12-31', 'HSB4410 ', '2017-02-02 08:03:19.746749'),
       (32464186, 1, 'K2786FPW', 1, '9999-12-31', 'K2786FPW', '2017-05-14 17:23:03.961496'),
       (39012223, 1, 'K2786FPW', 1, '9999-12-31', 'K2786FPW', '2018-05-20 04:06:18.654430'),
       (44472506, 1, 'Frikort ', 1, '9999-12-31', 'Frikort ', '2019-05-08 23:27:45.266403'),
       (58308587, 1, 'N168246 ', 3, '9999-12-31', 'N168245 ', '2024-10-07 16:17:17.035115'),
       (65494162, 1, 'TOB-2604', 1, '9999-12-31', 'TOB-2604', '2023-02-10 11:14:56.319277'),
       (65575164, 1, 'K231B433', 1, '9999-12-31', 'PP01    ', '2023-02-16 11:53:01.157648'),
       (70433132, 1, 'N126728 ', 1, '9999-12-31', 'N126728 ', '2024-01-11 13:29:28.068031');