insert into T_OPPDRAGSLINJE (OPPDRAGS_ID, LINJE_ID, DELYTELSE_ID, SATS, TYPE_SATS, KJOR_IDAG, DATO_VEDTAK_FOM, DATO_VEDTAK_TOM, ATTESTERT, KODE_ARBGIVER, VEDTAK_ID, HENVISNING,
                             UTBETALES_TIL_ID, KODE_KLASSE, SKYLDNER_ID, KID, KRAVHAVER_ID, DATO_KRAVHAVER_FOM, TYPE_SOKNAD, MAKSDATO, REFUNDERES_ID, TIDSPKT_REG, BRUKERID)
values (1911991, 1, '12113220                      ', 4976.00, 'MND ', 'N', '2009-01-01', null, 'J', ' ', '20090101  ', '10946938                      ', '29115040861',
        'PENUPGP                                           ', '80000466050', '                        ', '           ', null, 'NY        ', null, '           ', '2008-12-06 13:50:34.461181',
        'KONV    '),
       (1911991, 2, '12113221                      ', 4169.00, 'MND ', 'N', '2009-01-01', null, 'J', ' ', '20090101  ', '10946938                      ', '29115040861',
        'PENUPTP                                           ', '80000466050', '                        ', '           ', null, 'NY        ', null, '           ', '2008-12-06 13:50:34.462009',
        'KONV    '),
       (1911991, 3, '12113222                      ', 163.00, 'MND ', 'N', '2009-01-01', null, 'J', ' ', '20090101  ', '10946938                      ', '29115040861',
        'PENUPST                                           ', '80000466050', '                        ', '           ', null, 'NY        ', null, '           ', '2008-12-06 13:50:34.462842',
        'KONV    '),
       (1911991, 4, '25064645                      ', 5162.00, 'MND ', 'N', '2009-05-01', null, 'J', ' ', '20090620  ', '21241854                      ', '29115040861',
        'PENUPGP                                           ', '80000466050', '                        ', '           ', null, '          ', null, '           ', '2009-06-20 23:11:57.776978',
        'BPEN016 '),
       (1911991, 5, '25064647                      ', 4325.00, 'MND ', 'N', '2009-05-01', null, 'J', ' ', '20090620  ', '21241854                      ', '29115040861',
        'PENUPTP                                           ', '80000466050', '                        ', '           ', null, '          ', null, '           ', '2009-06-20 23:11:57.779586',
        'BPEN016 '),
       (1911991, 6, '25064646                      ', 169.00, 'MND ', 'N', '2009-05-01', null, 'J', ' ', '20090620  ', '21241854                      ', '29115040861',
        'PENUPST                                           ', '80000466050', '                        ', '           ', null, '          ', null, '           ', '2009-06-20 23:11:57.782097',
        'BPEN016 '),
       (1911991, 7, '28289248                      ', 5358.00, 'MND ', 'N', '2010-05-01', null, 'J', ' ', '20100618  ', '22010308                      ', '29115040861',
        'PENUPGP                                           ', '80000466050', '                        ', '           ', null, '          ', null, '           ', '2010-06-19 07:08:29.665228',
        'BPEN016 '),
       (1911991, 8, '28289250                      ', 4488.00, 'MND ', 'N', '2010-05-01', null, 'J', ' ', '20100618  ', '22010308                      ', '29115040861',
        'PENUPTP                                           ', '80000466050', '                        ', '           ', null, '          ', null, '           ', '2010-06-19 07:08:29.669864',
        'BPEN016 '),
       (1911991, 9, '28289249                      ', 177.00, 'MND ', 'N', '2010-05-01', null, 'J', ' ', '20100618  ', '22010308                      ', '29115040861',
        'PENUPST                                           ', '80000466050', '                        ', '           ', null, '          ', null, '           ', '2010-06-19 07:08:29.672921',
        'BPEN016 '),
       (1911991, 10, '46979051                      ', 5611.00, 'MND ', 'N', '2011-05-01', null, 'J', ' ', '20110618  ', '24680332                      ', '29115040861',
        'PENUPGP                                           ', '80000466050', '                        ', '           ', null, '          ', null, '           ', '2011-06-18 20:55:59.116259',
        'BPEN068 '),
       (1911991, 11, '46979053                      ', 4700.00, 'MND ', 'N', '2011-05-01', null, 'J', ' ', '20110618  ', '24680332                      ', '29115040861',
        'PENUPTP                                           ', '80000466050', '                        ', '           ', null, '          ', null, '           ', '2011-06-18 20:55:59.121063',
        'BPEN068 '),
       (1911991, 12, '46979052                      ', 185.00, 'MND ', 'N', '2011-05-01', null, 'J', ' ', '20110618  ', '24680332                      ', '29115040861',
        'PENUPST                                           ', '80000466050', '                        ', '           ', null, '          ', null, '           ', '2011-06-18 20:55:59.125379',
        'BPEN068 '),
       (1911991, 13, '72876859                      ', 5817.00, 'MND ', 'N', '2012-05-01', null, 'J', ' ', '20120616  ', '26187685                      ', '29115040861',
        'PENUPGP                                           ', '80000466050', '                        ', '           ', null, '          ', null, '           ', '2012-06-16 18:59:06.332852',
        'BPEN068 '),
       (1911991, 14, '72876861                      ', 4873.00, 'MND ', 'N', '2012-05-01', null, 'J', ' ', '20120616  ', '26187685                      ', '29115040861',
        'PENUPTP                                           ', '80000466050', '                        ', '           ', null, '          ', null, '           ', '2012-06-16 18:59:06.337044',
        'BPEN068 '),
       (1911991, 15, '72876860                      ', 191.00, 'MND ', 'N', '2012-05-01', null, 'J', ' ', '20120616  ', '26187685                      ', '29115040861',
        'PENUPST                                           ', '80000466050', '                        ', '           ', null, '          ', null, '           ', '2012-06-16 18:59:06.341040',
        'BPEN068 '),
       (1911991, 16, '112953167                     ', 6038.00, 'MND ', 'N', '2013-05-01', null, 'J', ' ', '20130608  ', '28288350                      ', '29115040861',
        'PENUPGP                                           ', '80000466050', '                        ', '           ', null, '          ', null, '           ', '2013-06-09 04:11:38.567763',
        'BPEN068 '),
       (1911991, 17, '112953169                     ', 5058.00, 'MND ', 'N', '2013-05-01', null, 'J', ' ', '20130608  ', '28288350                      ', '29115040861',
        'PENUPTP                                           ', '80000466050', '                        ', '           ', null, '          ', null, '           ', '2013-06-09 04:11:38.574219',
        'BPEN068 '),
       (1911991, 18, '112953168                     ', 199.00, 'MND ', 'N', '2013-05-01', null, 'J', ' ', '20130608  ', '28288350                      ', '29115040861',
        'PENUPST                                           ', '80000466050', '                        ', '           ', null, '          ', null, '           ', '2013-06-09 04:11:38.578726',
        'BPEN068 '),
       (1911991, 19, '151884098                     ', 6260.00, 'MND ', 'N', '2014-05-01', null, 'J', ' ', '20140606  ', '30004951                      ', '29115040861',
        'PENUPGP                                           ', '80000466050', '                        ', '           ', null, '          ', null, '           ', '2014-06-07 06:16:18.668193',
        'BPEN068 '),
       (1911991, 20, '151884101                     ', 5244.00, 'MND ', 'N', '2014-05-01', null, 'J', ' ', '20140606  ', '30004951                      ', '29115040861',
        'PENUPTP                                           ', '80000466050', '                        ', '           ', null, '          ', null, '           ', '2014-06-07 06:16:18.674919',
        'BPEN068 '),
       (1911991, 21, '151884100                     ', 205.00, 'MND ', 'N', '2014-05-01', null, 'J', ' ', '20140606  ', '30004951                      ', '29115040861',
        'PENUPST                                           ', '80000466050', '                        ', '           ', null, '          ', null, '           ', '2014-06-07 06:16:18.679216',
        'BPEN068 '),
       (1911991, 22, '179612555                     ', 6260.00, 'MND ', 'N', '2014-12-01', '2014-12-31', 'J', ' ', '20141004  ', '31588604                      ', '29115040861',
        'PENUPGP                                           ', '80000466050', '                        ', '           ', null, '          ', null, '           ', '2014-10-04 17:35:49.710793',
        'BPEN080 '),
       (1911991, 23, '179612558                     ', 5244.00, 'MND ', 'N', '2014-12-01', '2014-12-31', 'J', ' ', '20141004  ', '31588604                      ', '29115040861',
        'PENUPTP                                           ', '80000466050', '                        ', '           ', null, '          ', null, '           ', '2014-10-04 17:35:49.729421',
        'BPEN080 '),
       (1911991, 24, '179612557                     ', 205.00, 'MND ', 'N', '2014-12-01', '2014-12-31', 'J', ' ', '20141004  ', '31588604                      ', '29115040861',
        'PENUPST                                           ', '80000466050', '                        ', '           ', null, '          ', null, '           ', '2014-10-04 17:35:49.732241',
        'BPEN080 ');

insert into T_LINJE_STATUS (OPPDRAGS_ID, LINJE_ID, KODE_STATUS, DATO_FOM, LOPENR, TIDSPKT_REG, BRUKERID)
values (1911991, 1, 'KORR', '2009-05-01', 1, '2009-06-20 23:11:57.777477', 'BPEN016 '),
       (1911991, 1, 'LOPE', '2009-01-01', 1, '2009-01-03 21:29:59.822984', 'K231B260'),
       (1911991, 1, 'NY  ', '2009-01-01', 1, '2008-12-06 13:50:34.461182', 'KONV    '),
       (1911991, 2, 'KORR', '2009-05-01', 1, '2009-06-20 23:11:57.780124', 'BPEN016 '),
       (1911991, 2, 'LOPE', '2009-01-01', 1, '2009-01-03 21:29:59.822986', 'K231B260'),
       (1911991, 2, 'NY  ', '2009-01-01', 1, '2008-12-06 13:50:34.462010', 'KONV    '),
       (1911991, 3, 'KORR', '2009-05-01', 1, '2009-06-20 23:11:57.782955', 'BPEN016 '),
       (1911991, 3, 'LOPE', '2009-01-01', 1, '2009-01-03 21:29:59.822987', 'K231B260'),
       (1911991, 3, 'NY  ', '2009-01-01', 1, '2008-12-06 13:50:34.462843', 'KONV    '),
       (1911991, 4, 'KORR', '2010-05-01', 1, '2010-06-19 07:08:29.667609', 'BPEN016 '),
       (1911991, 4, 'LOPE', '2009-05-01', 1, '2009-07-05 00:49:31.572959', 'K231B260'),
       (1911991, 4, 'NY  ', '2009-05-01', 1, '2009-06-20 23:11:57.776980', 'BPEN016 '),
       (1911991, 5, 'KORR', '2010-05-01', 1, '2010-06-19 07:08:29.670553', 'BPEN016 '),
       (1911991, 5, 'LOPE', '2009-05-01', 1, '2009-07-05 00:49:31.572960', 'K231B260'),
       (1911991, 5, 'NY  ', '2009-05-01', 1, '2009-06-20 23:11:57.779588', 'BPEN016 '),
       (1911991, 6, 'KORR', '2010-05-01', 1, '2010-06-19 07:08:29.673524', 'BPEN016 '),
       (1911991, 6, 'LOPE', '2009-05-01', 1, '2009-07-05 00:49:31.572962', 'K231B260'),
       (1911991, 6, 'NY  ', '2009-05-01', 1, '2009-06-20 23:11:57.782099', 'BPEN016 '),
       (1911991, 7, 'KORR', '2011-05-01', 1, '2011-06-18 20:55:59.117501', 'BPEN068 '),
       (1911991, 7, 'LOPE', '2010-05-01', 1, '2010-06-27 17:24:10.838661', 'K231B260'),
       (1911991, 7, 'NY  ', '2010-05-01', 1, '2010-06-19 07:08:29.665230', 'BPEN016 '),
       (1911991, 8, 'KORR', '2011-05-01', 1, '2011-06-18 20:55:59.122388', 'BPEN068 '),
       (1911991, 8, 'LOPE', '2010-05-01', 1, '2010-06-27 17:24:10.838663', 'K231B260'),
       (1911991, 8, 'NY  ', '2010-05-01', 1, '2010-06-19 07:08:29.669866', 'BPEN016 '),
       (1911991, 9, 'KORR', '2011-05-01', 1, '2011-06-18 20:55:59.126225', 'BPEN068 '),
       (1911991, 9, 'LOPE', '2010-05-01', 1, '2010-06-27 17:24:10.838665', 'K231B260'),
       (1911991, 9, 'NY  ', '2010-05-01', 1, '2010-06-19 07:08:29.672923', 'BPEN016 '),
       (1911991, 10, 'KORR', '2012-05-01', 1, '2012-06-16 18:59:06.333908', 'BPEN068 '),
       (1911991, 10, 'LOPE', '2011-05-01', 1, '2011-07-02 23:10:37.781773', 'K231B260'),
       (1911991, 10, 'NY  ', '2011-05-01', 1, '2011-06-18 20:55:59.116261', 'BPEN068 '),
       (1911991, 11, 'KORR', '2012-05-01', 1, '2012-06-16 18:59:06.338142', 'BPEN068 '),
       (1911991, 11, 'LOPE', '2011-05-01', 1, '2011-07-02 23:10:37.781775', 'K231B260'),
       (1911991, 11, 'NY  ', '2011-05-01', 1, '2011-06-18 20:55:59.121065', 'BPEN068 '),
       (1911991, 12, 'KORR', '2012-05-01', 1, '2012-06-16 18:59:06.342305', 'BPEN068 '),
       (1911991, 12, 'LOPE', '2011-05-01', 1, '2011-07-02 23:10:37.781777', 'K231B260'),
       (1911991, 12, 'NY  ', '2011-05-01', 1, '2011-06-18 20:55:59.125381', 'BPEN068 '),
       (1911991, 13, 'KORR', '2013-05-01', 1, '2013-06-09 04:11:38.569959', 'BPEN068 '),
       (1911991, 13, 'LOPE', '2012-05-01', 1, '2012-06-24 11:09:14.261882', 'K231B260'),
       (1911991, 13, 'NY  ', '2012-05-01', 1, '2012-06-16 18:59:06.332854', 'BPEN068 '),
       (1911991, 14, 'KORR', '2013-05-01', 1, '2013-06-09 04:11:38.575266', 'BPEN068 '),
       (1911991, 14, 'LOPE', '2012-05-01', 1, '2012-06-24 11:09:14.261884', 'K231B260'),
       (1911991, 14, 'NY  ', '2012-05-01', 1, '2012-06-16 18:59:06.337046', 'BPEN068 '),
       (1911991, 15, 'KORR', '2013-05-01', 1, '2013-06-09 04:11:38.579710', 'BPEN068 '),
       (1911991, 15, 'LOPE', '2012-05-01', 1, '2012-06-24 11:09:14.261886', 'K231B260'),
       (1911991, 15, 'NY  ', '2012-05-01', 1, '2012-06-16 18:59:06.341042', 'BPEN068 '),
       (1911991, 16, 'KORR', '2014-05-01', 1, '2014-06-07 06:16:18.670266', 'BPEN068 '),
       (1911991, 16, 'LOPE', '2013-05-01', 1, '2013-06-23 21:30:42.328786', 'K231B260'),
       (1911991, 16, 'NY  ', '2013-05-01', 1, '2013-06-09 04:11:38.567765', 'BPEN068 '),
       (1911991, 17, 'KORR', '2014-05-01', 1, '2014-06-07 06:16:18.675967', 'BPEN068 '),
       (1911991, 17, 'LOPE', '2013-05-01', 1, '2013-06-23 21:30:42.328788', 'K231B260'),
       (1911991, 17, 'NY  ', '2013-05-01', 1, '2013-06-09 04:11:38.574221', 'BPEN068 '),
       (1911991, 18, 'KORR', '2014-05-01', 1, '2014-06-07 06:16:18.680288', 'BPEN068 '),
       (1911991, 18, 'LOPE', '2013-05-01', 1, '2013-06-23 21:30:42.328790', 'K231B260'),
       (1911991, 18, 'NY  ', '2013-05-01', 1, '2013-06-09 04:11:38.578728', 'BPEN068 '),
       (1911991, 19, 'KORR', '2014-12-01', 1, '2014-10-04 17:35:49.711211', 'BPEN080 '),
       (1911991, 19, 'LOPE', '2014-05-01', 1, '2014-06-29 10:40:29.111038', 'K231B260'),
       (1911991, 19, 'NY  ', '2014-05-01', 1, '2014-06-07 06:16:18.668195', 'BPEN068 '),
       (1911991, 20, 'KORR', '2014-12-01', 1, '2014-10-04 17:35:49.729786', 'BPEN080 '),
       (1911991, 20, 'LOPE', '2014-05-01', 1, '2014-06-29 10:40:29.111040', 'K231B260'),
       (1911991, 20, 'NY  ', '2014-05-01', 1, '2014-06-07 06:16:18.674921', 'BPEN068 '),
       (1911991, 21, 'KORR', '2014-12-01', 1, '2014-10-04 17:35:49.732603', 'BPEN080 '),
       (1911991, 21, 'LOPE', '2014-05-01', 1, '2014-06-29 10:40:29.111042', 'K231B260'),
       (1911991, 21, 'NY  ', '2014-05-01', 1, '2014-06-07 06:16:18.679218', 'BPEN068 '),
       (1911991, 22, 'FBER', '2015-01-01', 1, '2014-11-29 01:01:42.690185', 'K231B260'),
       (1911991, 22, 'LOPE', '2014-12-01', 1, '2014-11-29 01:01:42.690184', 'K231B260'),
       (1911991, 22, 'NY  ', '2014-12-01', 1, '2014-10-04 17:35:49.710794', 'BPEN080 '),
       (1911991, 23, 'FBER', '2015-01-01', 1, '2014-11-29 01:01:42.690187', 'K231B260'),
       (1911991, 23, 'LOPE', '2014-12-01', 1, '2014-11-29 01:01:42.690186', 'K231B260'),
       (1911991, 23, 'NY  ', '2014-12-01', 1, '2014-10-04 17:35:49.729422', 'BPEN080 '),
       (1911991, 24, 'FBER', '2015-01-01', 1, '2014-11-29 01:01:42.690189', 'K231B260'),
       (1911991, 24, 'LOPE', '2014-12-01', 1, '2014-11-29 01:01:42.690188', 'K231B260'),
       (1911991, 24, 'NY  ', '2014-12-01', 1, '2014-10-04 17:35:49.732242', 'BPEN080 ');

insert into T_KONTOREGEL (KODE_KLASSE, DATO_FOM, DATO_TOM, ART_ID, ART_ID_ETTEROPPGJOR, AAR, HOVEDKONTONR, UNDERKONTONR, KODE_FORMAL, KODE_AKTIVITET, BRUKERID, TIDSPKT_REG)
values ('PENUPGP             ', '1900-01-01', '9999-12-31', 1, 0, 1900, '400', '1100', '      ', '      ', 'POPPSETT', '2008-11-24 23:00:25.723171'),
       ('PENUPST             ', '1900-01-01', '9999-12-31', 1, 0, 1900, '400', '3100', '      ', '      ', 'POPPSETT', '2008-11-24 23:00:25.723431'),
       ('PENUPTP             ', '1900-01-01', '9999-12-31', 1, 0, 1900, '400', '2100', '      ', '      ', 'POPPSETT', '2008-11-24 23:00:25.723704');

insert into T_ATTESTASJON (OPPDRAGS_ID, LINJE_ID, ATTESTANT_ID, LOPENR, DATO_UGYLDIG_FOM, BRUKERID, TIDSPKT_REG)
values (1911991, 1, 'KONV    ', 1, '9999-12-31', 'KONV    ', '2008-12-06 13:50:34.461235'),
       (1911991, 1, 'BPEN016 ', 1, '9999-12-31', 'BPEN016 ', '2008-12-06 13:50:34.462062'),
       (1911991, 2, 'KONV    ', 1, '9999-12-31', 'KONV    ', '2008-12-06 13:50:34.462062'),
       (1911991, 3, 'KONV    ', 1, '9999-12-31', 'KONV    ', '2008-12-06 13:50:34.462898'),
       (1911991, 4, 'BPEN016 ', 1, '9999-12-31', 'BPEN016 ', '2009-06-20 23:11:57.777525'),
       (1911991, 5, 'BPEN016 ', 1, '9999-12-31', 'BPEN016 ', '2009-06-20 23:11:57.780173'),
       (1911991, 6, 'BPEN016 ', 1, '9999-12-31', 'BPEN016 ', '2009-06-20 23:11:57.783013'),
       (1911991, 7, 'BPEN016 ', 1, '9999-12-31', 'BPEN016 ', '2010-06-19 07:08:29.667840'),
       (1911991, 8, 'BPEN016 ', 1, '9999-12-31', 'BPEN016 ', '2010-06-19 07:08:29.670837'),
       (1911991, 9, 'BPEN016 ', 1, '9999-12-31', 'BPEN016 ', '2010-06-19 07:08:29.673785'),
       (1911991, 10, 'BPEN068 ', 1, '9999-12-31', 'BPEN068 ', '2011-06-18 20:55:59.117998'),
       (1911991, 11, 'BPEN068 ', 1, '9999-12-31', 'BPEN068 ', '2011-06-18 20:55:59.122989'),
       (1911991, 12, 'BPEN068 ', 1, '9999-12-31', 'BPEN068 ', '2011-06-18 20:55:59.126603'),
       (1911991, 13, 'BPEN068 ', 1, '9999-12-31', 'BPEN068 ', '2012-06-16 18:59:06.334631'),
       (1911991, 14, 'BPEN068 ', 1, '9999-12-31', 'BPEN068 ', '2012-06-16 18:59:06.338701'),
       (1911991, 15, 'BPEN068 ', 1, '9999-12-31', 'BPEN068 ', '2012-06-16 18:59:06.342748'),
       (1911991, 16, 'BPEN068 ', 1, '9999-12-31', 'BPEN068 ', '2013-06-09 04:11:38.571218'),
       (1911991, 17, 'BPEN068 ', 1, '9999-12-31', 'BPEN068 ', '2013-06-09 04:11:38.576374'),
       (1911991, 18, 'BPEN068 ', 1, '9999-12-31', 'BPEN068 ', '2013-06-09 04:11:38.580456'),
       (1911991, 19, 'BPEN068 ', 1, '9999-12-31', 'BPEN068 ', '2014-06-07 06:16:18.672163'),
       (1911991, 20, 'BPEN068 ', 1, '9999-12-31', 'BPEN068 ', '2014-06-07 06:16:18.676871'),
       (1911991, 21, 'BPEN068 ', 1, '9999-12-31', 'BPEN068 ', '2014-06-07 06:16:18.682277'),
       (1911991, 22, 'BPEN080 ', 1, '9999-12-31', 'BPEN080 ', '2014-10-04 17:35:49.727641'),
       (1911991, 23, 'BPEN080 ', 1, '9999-12-31', 'BPEN080 ', '2014-10-04 17:35:49.730481'),
       (1911991, 24, 'BPEN080 ', 1, '9999-12-31', 'BPEN080 ', '2014-10-04 17:35:49.733633');